dt,energyExport,energyImport
2017-10-05T06:35:00+00:00,0.0,0.0
2017-10-05T06:40:00+00:00,0.003,0.0
2017-10-05T06:45:00+00:00,0.003,0.0
2017-10-05T06:50:00+00:00,0.002999999999999999,0.0
2017-10-05T06:55:00+00:00,0.003000000000000001,0.0
2017-10-05T07:00:00+00:00,0.002999999999999999,0.0
2017-10-05T07:05:00+00:00,0.002999999999999999,0.0
2017-10-05T07:10:00+00:00,0.007000000000000003,0.0
2017-10-05T07:15:00+00:00,0.006999999999999999,0.0
2017-10-05T07:20:00+00:00,0.005999999999999998,0.0
2017-10-05T07:25:00+00:00,0.005999999999999998,0.0
2017-10-05T07:30:00+00:00,0.006000000000000005,0.0
2017-10-05T07:35:00+00:00,0.005999999999999998,0.0
2017-10-05T07:40:00+00:00,0.012000000000000004,0.0
2017-10-05T07:45:00+00:00,0.011999999999999997,0.0
2017-10-05T07:50:00+00:00,0.010999999999999996,0.0
2017-10-05T07:55:00+00:00,0.017,0.0
2017-10-05T08:00:00+00:00,0.017,0.0
2017-10-05T08:05:00+00:00,0.016999999999999987,0.0
2017-10-05T08:10:00+00:00,0.015000000000000013,0.0
2017-10-05T08:15:00+00:00,0.014999999999999986,0.0
2017-10-05T08:20:00+00:00,0.014000000000000012,0.0
2017-10-05T08:25:00+00:00,0.025999999999999995,0.0
2017-10-05T08:30:00+00:00,0.025999999999999995,0.0
2017-10-05T08:35:00+00:00,0.025000000000000022,0.0
2017-10-05T08:40:00+00:00,0.04799999999999999,0.0
2017-10-05T08:45:00+00:00,0.05199999999999999,0.0
2017-10-05T08:50:00+00:00,0.05199999999999999,0.0
2017-10-05T08:55:00+00:00,0.052000000000000046,0.0
2017-10-05T09:00:00+00:00,0.05199999999999999,0.0
2017-10-05T09:05:00+00:00,0.04999999999999993,0.0
2017-10-05T09:10:00+00:00,0.07700000000000007,0.0
2017-10-05T09:15:00+00:00,0.07799999999999996,0.0
2017-10-05T09:20:00+00:00,0.07600000000000007,0.0
2017-10-05T09:25:00+00:00,0.09399999999999997,0.0
2017-10-05T09:30:00+00:00,0.09599999999999997,0.0
2017-10-05T09:35:00+00:00,0.09499999999999997,0.0
2017-10-05T09:40:00+00:00,0.10299999999999998,0.0
2017-10-05T09:45:00+00:00,0.10699999999999998,0.0
2017-10-05T09:50:00+00:00,0.10499999999999998,0.0
2017-10-05T09:55:00+00:00,0.10000000000000009,0.0
2017-10-05T10:00:00+00:00,0.10299999999999998,0.0
2017-10-05T10:05:00+00:00,0.10299999999999998,0.0
2017-10-05T10:10:00+00:00,0.1060000000000001,0.0
2017-10-05T10:15:00+00:00,0.10999999999999988,0.0
2017-10-05T10:20:00+00:00,0.1100000000000001,0.0
2017-10-05T10:25:00+00:00,0.11399999999999988,0.0
2017-10-05T10:30:00+00:00,0.11900000000000022,0.0
2017-10-05T10:35:00+00:00,0.11899999999999977,0.0
2017-10-05T10:40:00+00:00,0.13500000000000023,0.0
2017-10-05T10:45:00+00:00,0.14100000000000001,0.0
2017-10-05T10:50:00+00:00,0.14100000000000001,0.0
2017-10-05T10:55:00+00:00,0.10699999999999976,0.0
2017-10-05T11:00:00+00:00,0.1120000000000001,0.0
2017-10-05T11:05:00+00:00,0.1120000000000001,0.0
2017-10-05T11:10:00+00:00,0.1080000000000001,0.0
2017-10-05T11:15:00+00:00,0.11299999999999999,0.0
2017-10-05T11:20:00+00:00,0.11299999999999999,0.0
2017-10-05T11:25:00+00:00,0.14500000000000002,0.0
2017-10-05T11:30:00+00:00,0.15299999999999958,0.0
2017-10-05T11:35:00+00:00,0.15300000000000002,0.0
2017-10-05T11:40:00+00:00,0.13200000000000056,0.0
2017-10-05T11:45:00+00:00,0.13899999999999935,0.0
2017-10-05T11:50:00+00:00,0.13900000000000023,0.0
2017-10-05T11:55:00+00:00,0.12399999999999967,0.0
2017-10-05T12:00:00+00:00,0.12900000000000045,0.0
2017-10-05T12:05:00+00:00,0.12899999999999956,0.0
2017-10-05T12:10:00+00:00,0.14300000000000068,0.0
2017-10-05T12:15:00+00:00,0.15199999999999925,0.0
2017-10-05T12:20:00+00:00,0.15200000000000014,0.0
2017-10-05T12:25:00+00:00,0.15399999999999991,0.0
2017-10-05T12:30:00+00:00,0.16500000000000004,0.0
2017-10-05T12:35:00+00:00,0.16500000000000004,0.0
2017-10-05T12:40:00+00:00,0.15600000000000058,0.0
2017-10-05T12:45:00+00:00,0.1609999999999996,0.0
2017-10-05T12:50:00+00:00,0.16100000000000048,0.0
2017-10-05T12:55:00+00:00,0.19899999999999984,0.0
2017-10-05T13:00:00+00:00,0.21300000000000008,0.0
2017-10-05T13:05:00+00:00,0.21300000000000008,0.0
2017-10-05T13:10:00+00:00,0.20399999999999974,0.0
2017-10-05T13:15:00+00:00,0.21399999999999952,0.0
2017-10-05T13:20:00+00:00,0.2140000000000004,0.0
2017-10-05T13:25:00+00:00,0.20399999999999974,0.0
2017-10-05T13:30:00+00:00,0.21300000000000008,0.0
2017-10-05T13:35:00+00:00,0.21300000000000097,0.0
2017-10-05T13:40:00+00:00,0.1999999999999993,0.0
2017-10-05T13:45:00+00:00,0.2110000000000003,0.0
2017-10-05T13:50:00+00:00,0.2110000000000003,0.0
2017-10-05T13:55:00+00:00,0.1999999999999993,0.0
2017-10-05T14:00:00+00:00,0.20899999999999963,0.0
2017-10-05T14:05:00+00:00,0.20899999999999963,0.0
2017-10-05T14:10:00+00:00,0.19700000000000095,0.0
2017-10-05T14:15:00+00:00,0.20500000000000007,0.0
2017-10-05T14:20:00+00:00,0.20500000000000007,0.0
2017-10-05T14:25:00+00:00,0.19200000000000017,0.0
2017-10-05T14:30:00+00:00,0.20199999999999996,0.0
2017-10-05T14:35:00+00:00,0.20199999999999996,0.0
2017-10-05T14:40:00+00:00,0.18799999999999883,0.0
2017-10-05T14:45:00+00:00,0.19700000000000095,0.0
2017-10-05T14:50:00+00:00,0.19699999999999918,0.0
2017-10-05T14:55:00+00:00,0.18200000000000038,0.0
2017-10-05T15:00:00+00:00,0.19100000000000072,0.0
2017-10-05T15:05:00+00:00,0.19099999999999895,0.0
2017-10-05T15:10:00+00:00,0.17600000000000016,0.0
2017-10-05T15:15:00+00:00,0.18400000000000105,0.0
2017-10-05T15:20:00+00:00,0.18399999999999928,0.0
2017-10-05T15:25:00+00:00,0.17099999999999937,0.0
2017-10-05T15:30:00+00:00,0.17700000000000138,0.0
2017-10-05T15:35:00+00:00,0.1769999999999996,0.0
2017-10-05T15:40:00+00:00,0.16199999999999903,0.0
2017-10-05T15:45:00+00:00,0.16900000000000048,0.0
2017-10-05T15:50:00+00:00,0.16900000000000048,0.0
2017-10-05T15:55:00+00:00,0.15300000000000047,0.0
2017-10-05T16:00:00+00:00,0.16000000000000014,0.0
2017-10-05T16:05:00+00:00,0.15999999999999837,0.0
2017-10-05T16:10:00+00:00,0.136000000000001,0.0
2017-10-05T16:15:00+00:00,0.13899999999999935,0.0
2017-10-05T16:20:00+00:00,0.13900000000000112,0.0
2017-10-05T16:25:00+00:00,0.13099999999999845,0.0
2017-10-05T16:30:00+00:00,0.13700000000000045,0.0
2017-10-05T16:35:00+00:00,0.13700000000000045,0.0
2017-10-05T16:40:00+00:00,0.10699999999999932,0.0
2017-10-05T16:45:00+00:00,0.10899999999999999,0.0
2017-10-05T16:50:00+00:00,0.10899999999999999,0.0
2017-10-05T16:55:00+00:00,0.0860000000000003,0.0
2017-10-05T17:00:00+00:00,0.08699999999999974,0.0
2017-10-05T17:05:00+00:00,0.08699999999999974,0.0
2017-10-05T17:10:00+00:00,0.06500000000000128,0.0
2017-10-05T17:15:00+00:00,0.0649999999999995,0.0
2017-10-05T17:20:00+00:00,0.0649999999999995,0.0
2017-10-05T17:25:00+00:00,0.05000000000000071,0.0
2017-10-05T17:30:00+00:00,0.05000000000000071,0.0
2017-10-05T17:35:00+00:00,0.049999999999998934,0.0
2017-10-05T17:40:00+00:00,0.034000000000000696,0.0
2017-10-05T17:45:00+00:00,0.03399999999999892,0.0
2017-10-05T17:50:00+00:00,0.034000000000000696,0.0
2017-10-05T17:55:00+00:00,0.013999999999999346,0.0
2017-10-05T18:00:00+00:00,0.011000000000001009,0.0
2017-10-05T18:05:00+00:00,0.010999999999999233,0.0
2017-10-05T18:10:00+00:00,0.006999999999999673,0.0
2017-10-05T18:15:00+00:00,0.0070000000000014495,0.0
2017-10-05T18:20:00+00:00,0.006999999999999673,0.0
2017-10-05T18:25:00+00:00,0.0039999999999995595,0.0
2017-10-05T18:30:00+00:00,0.0039999999999995595,0.0
2017-10-05T18:35:00+00:00,0.0039999999999995595,0.0
2017-10-05T18:40:00+00:00,0.0010000000000012221,0.0
2017-10-05T18:45:00+00:00,0.0,0.0
2017-10-05T18:50:00+00:00,0.0,0.0
2017-10-06T06:40:00+00:00,0.0,0.0
2017-10-06T06:45:00+00:00,0.001,0.0
2017-10-06T06:50:00+00:00,0.001,0.0
2017-10-06T06:55:00+00:00,0.003,0.0
2017-10-06T07:00:00+00:00,0.005,0.0
2017-10-06T07:05:00+00:00,0.004999999999999999,0.0
2017-10-06T07:10:00+00:00,0.005000000000000001,0.0
2017-10-06T07:15:00+00:00,0.005000000000000001,0.0
2017-10-06T07:20:00+00:00,0.0049999999999999975,0.0
2017-10-06T07:25:00+00:00,0.0050000000000000044,0.0
2017-10-06T07:30:00+00:00,0.0049999999999999975,0.0
2017-10-06T07:35:00+00:00,0.0049999999999999975,0.0
2017-10-06T07:40:00+00:00,0.0040000000000000036,0.0
2017-10-06T07:45:00+00:00,0.0029999999999999957,0.0
2017-10-06T07:50:00+00:00,0.0030000000000000027,0.0
2017-10-06T07:55:00+00:00,0.0030000000000000027,0.0
2017-10-06T08:00:00+00:00,0.0029999999999999957,0.0
2017-10-06T08:05:00+00:00,0.0030000000000000027,0.0
2017-10-06T08:10:00+00:00,0.0030000000000000027,0.0
2017-10-06T08:15:00+00:00,0.00399999999999999,0.0
2017-10-06T08:20:00+00:00,0.0040000000000000036,0.0
2017-10-06T08:25:00+00:00,0.006000000000000005,0.0
2017-10-06T08:30:00+00:00,0.007999999999999993,0.0
2017-10-06T08:35:00+00:00,0.008000000000000007,0.0
2017-10-06T08:40:00+00:00,0.008999999999999994,0.0
2017-10-06T08:45:00+00:00,0.010000000000000009,0.0
2017-10-06T08:50:00+00:00,0.009999999999999995,0.0
2017-10-06T08:55:00+00:00,0.010000000000000009,0.0
2017-10-06T09:00:00+00:00,0.012999999999999984,0.0
2017-10-06T09:05:00+00:00,0.013000000000000012,0.0
2017-10-06T09:10:00+00:00,0.012999999999999984,0.0
2017-10-06T09:15:00+00:00,0.013000000000000012,0.0
2017-10-06T09:20:00+00:00,0.013000000000000012,0.0
2017-10-06T09:25:00+00:00,0.010999999999999982,0.0
2017-10-06T09:30:00+00:00,0.01100000000000001,0.0
2017-10-06T09:35:00+00:00,0.01100000000000001,0.0
2017-10-06T09:40:00+00:00,0.009999999999999981,0.0
2017-10-06T09:45:00+00:00,0.009000000000000008,0.0
2017-10-06T09:50:00+00:00,0.009000000000000008,0.0
2017-10-06T09:55:00+00:00,0.009000000000000008,0.0
2017-10-06T10:00:00+00:00,0.009000000000000008,0.0
2017-10-06T10:05:00+00:00,0.008999999999999952,0.0
2017-10-06T10:10:00+00:00,0.009000000000000008,0.0
2017-10-06T10:15:00+00:00,0.009000000000000008,0.0
2017-10-06T10:20:00+00:00,0.009000000000000008,0.0
2017-10-06T10:25:00+00:00,0.010000000000000009,0.0
2017-10-06T10:30:00+00:00,0.01200000000000001,0.0
2017-10-06T10:35:00+00:00,0.011999999999999955,0.0
2017-10-06T10:40:00+00:00,0.013000000000000012,0.0
2017-10-06T10:45:00+00:00,0.015000000000000013,0.0
2017-10-06T10:50:00+00:00,0.015000000000000013,0.0
2017-10-06T10:55:00+00:00,0.014999999999999958,0.0
2017-10-06T11:00:00+00:00,0.016000000000000014,0.0
2017-10-06T11:05:00+00:00,0.016000000000000014,0.0
2017-10-06T11:10:00+00:00,0.018000000000000016,0.0
2017-10-06T11:15:00+00:00,0.021999999999999964,0.0
2017-10-06T11:20:00+00:00,0.02200000000000002,0.0
2017-10-06T11:25:00+00:00,0.019000000000000017,0.0
2017-10-06T11:30:00+00:00,0.019000000000000017,0.0
2017-10-06T11:35:00+00:00,0.019000000000000017,0.0
2017-10-06T11:40:00+00:00,0.018999999999999906,0.0
2017-10-06T11:45:00+00:00,0.02200000000000002,0.0
2017-10-06T11:50:00+00:00,0.02200000000000002,0.0
2017-10-06T11:55:00+00:00,0.020000000000000018,0.0
2017-10-06T12:00:00+00:00,0.02200000000000002,0.0
2017-10-06T12:05:00+00:00,0.02200000000000002,0.0
2017-10-06T12:10:00+00:00,0.02499999999999991,0.0
2017-10-06T12:15:00+00:00,0.03200000000000003,0.0
2017-10-06T12:20:00+00:00,0.03200000000000003,0.0
2017-10-06T12:25:00+00:00,0.027000000000000024,0.0
2017-10-06T12:30:00+00:00,0.02499999999999991,0.0
2017-10-06T12:35:00+00:00,0.025000000000000022,0.0
2017-10-06T12:40:00+00:00,0.040000000000000036,0.0
2017-10-06T12:45:00+00:00,0.06699999999999995,0.0
2017-10-06T12:50:00+00:00,0.06700000000000006,0.0
2017-10-06T12:55:00+00:00,0.09699999999999998,0.0
2017-10-06T13:00:00+00:00,0.1459999999999999,0.0
2017-10-06T13:05:00+00:00,0.14600000000000013,0.0
2017-10-06T13:10:00+00:00,0.15500000000000003,0.0
2017-10-06T13:15:00+00:00,0.18399999999999994,0.0
2017-10-06T13:20:00+00:00,0.18399999999999994,0.0
2017-10-06T13:25:00+00:00,0.16900000000000026,0.0
2017-10-06T13:30:00+00:00,0.1679999999999997,0.0
2017-10-06T13:35:00+00:00,0.16800000000000015,0.0
2017-10-06T13:40:00+00:00,0.1499999999999999,0.0
2017-10-06T13:45:00+00:00,0.14300000000000024,0.0
2017-10-06T13:50:00+00:00,0.1429999999999998,0.0
2017-10-06T13:55:00+00:00,0.12199999999999989,0.0
2017-10-06T14:00:00+00:00,0.10400000000000009,0.0
2017-10-06T14:05:00+00:00,0.10400000000000009,0.0
2017-10-06T14:10:00+00:00,0.09099999999999975,0.0
2017-10-06T14:15:00+00:00,0.08300000000000018,0.0
2017-10-06T14:20:00+00:00,0.08300000000000018,0.0
2017-10-06T14:25:00+00:00,0.07999999999999963,0.0
2017-10-06T14:30:00+00:00,0.0860000000000003,0.0
2017-10-06T14:35:00+00:00,0.08599999999999985,0.0
2017-10-06T14:40:00+00:00,0.08700000000000019,0.0
2017-10-06T14:45:00+00:00,0.09999999999999964,0.0
2017-10-06T14:50:00+00:00,0.10000000000000009,0.0
2017-10-06T14:55:00+00:00,0.12300000000000022,0.0
2017-10-06T15:00:00+00:00,0.19299999999999962,0.0
2017-10-06T15:05:00+00:00,0.1930000000000005,0.0
2017-10-06T15:10:00+00:00,0.18900000000000006,0.0
2017-10-06T15:15:00+00:00,0.19099999999999984,0.0
2017-10-06T15:20:00+00:00,0.19099999999999984,0.0
2017-10-06T15:25:00+00:00,0.17999999999999972,0.0
2017-10-06T15:30:00+00:00,0.18300000000000072,0.0
2017-10-06T15:35:00+00:00,0.18299999999999983,0.0
2017-10-06T15:40:00+00:00,0.17099999999999937,0.0
2017-10-06T15:45:00+00:00,0.17400000000000038,0.0
2017-10-06T15:50:00+00:00,0.17400000000000038,0.0
2017-10-06T15:55:00+00:00,0.16299999999999937,0.0
2017-10-06T16:00:00+00:00,0.16500000000000004,0.0
2017-10-06T16:05:00+00:00,0.16500000000000004,0.0
2017-10-06T16:10:00+00:00,0.15300000000000047,0.0
2017-10-06T16:15:00+00:00,0.15299999999999958,0.0
2017-10-06T16:20:00+00:00,0.15300000000000047,0.0
2017-10-06T16:25:00+00:00,0.14100000000000001,0.0
2017-10-06T16:30:00+00:00,0.1379999999999999,0.0
2017-10-06T16:35:00+00:00,0.1379999999999999,0.0
2017-10-06T16:40:00+00:00,0.12399999999999967,0.0
2017-10-06T16:45:00+00:00,0.11500000000000021,0.0
2017-10-06T16:50:00+00:00,0.11500000000000021,0.0
2017-10-06T16:55:00+00:00,0.10099999999999998,0.0
2017-10-06T17:00:00+00:00,0.08699999999999974,0.0
2017-10-06T17:05:00+00:00,0.08699999999999974,0.0
2017-10-06T17:10:00+00:00,0.07399999999999984,0.0
2017-10-06T17:15:00+00:00,0.05900000000000105,0.0
2017-10-06T17:20:00+00:00,0.058999999999999275,0.0
2017-10-06T17:25:00+00:00,0.054999999999999716,0.0
2017-10-06T17:30:00+00:00,0.054999999999999716,0.0
2017-10-06T17:35:00+00:00,0.05500000000000149,0.0
2017-10-06T17:40:00+00:00,0.04699999999999882,0.0
2017-10-06T17:45:00+00:00,0.03700000000000081,0.0
2017-10-06T17:50:00+00:00,0.036999999999999034,0.0
2017-10-06T17:55:00+00:00,0.028999999999999915,0.0
2017-10-06T18:00:00+00:00,0.018000000000000682,0.0
2017-10-06T18:05:00+00:00,0.018000000000000682,0.0
2017-10-06T18:10:00+00:00,0.0129999999999999,0.0
2017-10-06T18:15:00+00:00,0.006999999999999673,0.0
2017-10-06T18:20:00+00:00,0.006999999999999673,0.0
2017-10-06T18:25:00+00:00,0.006999999999999673,0.0
2017-10-06T18:30:00+00:00,0.006999999999999673,0.0
2017-10-06T18:35:00+00:00,0.0070000000000014495,0.0
2017-10-06T18:40:00+00:00,0.004999999999999005,0.0
2017-10-06T18:45:00+00:00,0.002000000000000668,0.0
2017-10-06T18:50:00+00:00,0.0019999999999988916,0.0
2017-10-07T06:35:00+00:00,0.0,0.0
2017-10-07T06:40:00+00:00,0.0,0.0
2017-10-07T06:45:00+00:00,0.004,0.0
2017-10-07T06:50:00+00:00,0.004999999999999999,0.0
2017-10-07T06:55:00+00:00,0.005000000000000001,0.0
2017-10-07T07:00:00+00:00,0.004999999999999999,0.0
2017-10-07T07:05:00+00:00,0.005000000000000001,0.0
2017-10-07T07:10:00+00:00,0.005000000000000001,0.0
2017-10-07T07:15:00+00:00,0.009999999999999998,0.0
2017-10-07T07:20:00+00:00,0.010000000000000002,0.0
2017-10-07T07:25:00+00:00,0.009999999999999995,0.0
2017-10-07T07:30:00+00:00,0.010000000000000009,0.0
2017-10-07T07:35:00+00:00,0.009999999999999995,0.0
2017-10-07T07:40:00+00:00,0.008999999999999994,0.0
2017-10-07T07:45:00+00:00,0.013000000000000012,0.0
2017-10-07T07:50:00+00:00,0.012999999999999998,0.0
2017-10-07T07:55:00+00:00,0.011999999999999997,0.0
2017-10-07T08:00:00+00:00,0.01899999999999999,0.0
2017-10-07T08:05:00+00:00,0.019000000000000017,0.0
2017-10-07T08:10:00+00:00,0.017999999999999988,0.0
2017-10-07T08:15:00+00:00,0.025999999999999995,0.0
2017-10-07T08:20:00+00:00,0.026000000000000023,0.0
2017-10-07T08:25:00+00:00,0.024999999999999994,0.0
2017-10-07T08:30:00+00:00,0.03699999999999998,0.0
2017-10-07T08:35:00+00:00,0.038000000000000034,0.0
2017-10-07T08:40:00+00:00,0.035999999999999976,0.0
2017-10-07T08:45:00+00:00,0.03799999999999998,0.0
2017-10-07T08:50:00+00:00,0.038000000000000034,0.0
2017-10-07T08:55:00+00:00,0.03699999999999998,0.0
2017-10-07T09:00:00+00:00,0.05300000000000005,0.0
2017-10-07T09:05:00+00:00,0.05399999999999994,0.0
2017-10-07T09:10:00+00:00,0.052000000000000046,0.0
2017-10-07T09:15:00+00:00,0.04599999999999993,0.0
2017-10-07T09:20:00+00:00,0.04600000000000004,0.0
2017-10-07T09:25:00+00:00,0.04500000000000004,0.0
2017-10-07T09:30:00+00:00,0.04899999999999993,0.0
2017-10-07T09:35:00+00:00,0.050000000000000044,0.0
2017-10-07T09:40:00+00:00,0.049000000000000044,0.0
2017-10-07T09:45:00+00:00,0.052999999999999936,0.0
2017-10-07T09:50:00+00:00,0.05400000000000005,0.0
2017-10-07T09:55:00+00:00,0.052999999999999936,0.0
2017-10-07T10:00:00+00:00,0.052000000000000046,0.0
2017-10-07T10:05:00+00:00,0.052999999999999936,0.0
2017-10-07T10:10:00+00:00,0.052000000000000046,0.0
2017-10-07T10:15:00+00:00,0.05899999999999994,0.0
2017-10-07T10:20:00+00:00,0.061000000000000165,0.0
2017-10-07T10:25:00+00:00,0.05999999999999983,0.0
2017-10-07T10:30:00+00:00,0.14200000000000013,0.0
2017-10-07T10:35:00+00:00,0.1459999999999999,0.0
2017-10-07T10:40:00+00:00,0.14500000000000002,0.0
2017-10-07T10:45:00+00:00,0.15900000000000003,0.0
2017-10-07T10:50:00+00:00,0.16599999999999993,0.0
2017-10-07T10:55:00+00:00,0.16500000000000004,0.0
2017-10-07T11:00:00+00:00,0.17200000000000015,0.0
2017-10-07T11:05:00+00:00,0.17999999999999972,0.0
2017-10-07T11:10:00+00:00,0.17900000000000027,0.0
2017-10-07T11:15:00+00:00,0.11799999999999988,0.0
2017-10-07T11:20:00+00:00,0.12300000000000022,0.0
2017-10-07T11:25:00+00:00,0.12299999999999978,0.0
2017-10-07T11:30:00+00:00,0.18400000000000016,0.0
2017-10-07T11:35:00+00:00,0.19399999999999995,0.0
2017-10-07T11:40:00+00:00,0.19399999999999995,0.0
2017-10-07T11:45:00+00:00,0.17899999999999983,0.0
2017-10-07T11:50:00+00:00,0.18800000000000017,0.0
2017-10-07T11:55:00+00:00,0.18799999999999972,0.0
2017-10-07T12:00:00+00:00,0.18599999999999994,0.0
2017-10-07T12:05:00+00:00,0.19600000000000062,0.0
2017-10-07T12:10:00+00:00,0.19599999999999973,0.0
2017-10-07T12:15:00+00:00,0.19899999999999984,0.0
2017-10-07T12:20:00+00:00,0.20999999999999996,0.0
2017-10-07T12:25:00+00:00,0.20999999999999996,0.0
2017-10-07T12:30:00+00:00,0.20199999999999996,0.0
2017-10-07T12:35:00+00:00,0.21200000000000063,0.0
2017-10-07T12:40:00+00:00,0.21199999999999974,0.0
2017-10-07T12:45:00+00:00,0.20399999999999974,0.0
2017-10-07T12:50:00+00:00,0.21499999999999986,0.0
2017-10-07T12:55:00+00:00,0.21499999999999986,0.0
2017-10-07T13:00:00+00:00,0.20500000000000007,0.0
2017-10-07T13:05:00+00:00,0.2160000000000002,0.0
2017-10-07T13:10:00+00:00,0.2160000000000002,0.0
2017-10-07T13:15:00+00:00,0.20599999999999952,0.0
2017-10-07T13:20:00+00:00,0.21500000000000075,0.0
2017-10-07T13:25:00+00:00,0.21499999999999986,0.0
2017-10-07T13:30:00+00:00,0.20500000000000007,0.0
2017-10-07T13:35:00+00:00,0.21499999999999986,0.0
2017-10-07T13:40:00+00:00,0.21499999999999986,0.0
2017-10-07T13:45:00+00:00,0.14700000000000024,0.0
2017-10-07T13:50:00+00:00,0.15000000000000036,0.0
2017-10-07T13:55:00+00:00,0.14999999999999858,0.0
2017-10-07T14:00:00+00:00,0.13200000000000145,0.0
2017-10-07T14:05:00+00:00,0.13699999999999868,0.0
2017-10-07T14:10:00+00:00,0.13700000000000045,0.0
2017-10-07T14:15:00+00:00,0.11299999999999955,0.0
2017-10-07T14:20:00+00:00,0.11700000000000088,0.0
2017-10-07T14:25:00+00:00,0.1169999999999991,0.0
2017-10-07T14:30:00+00:00,0.14300000000000068,0.0
2017-10-07T14:35:00+00:00,0.15199999999999925,0.0
2017-10-07T14:40:00+00:00,0.15200000000000102,0.0
2017-10-07T14:45:00+00:00,0.16600000000000037,0.0
2017-10-07T14:50:00+00:00,0.17600000000000016,0.0
2017-10-07T14:55:00+00:00,0.17599999999999838,0.0
2017-10-07T15:00:00+00:00,0.14800000000000146,0.0
2017-10-07T15:05:00+00:00,0.15399999999999991,0.0
2017-10-07T15:10:00+00:00,0.15399999999999991,0.0
2017-10-07T15:15:00+00:00,0.13899999999999935,0.0
2017-10-07T15:20:00+00:00,0.14499999999999957,0.0
2017-10-07T15:25:00+00:00,0.14500000000000135,0.0
2017-10-07T15:30:00+00:00,0.07099999999999973,0.0
2017-10-07T15:35:00+00:00,0.06700000000000017,0.0
2017-10-07T15:40:00+00:00,0.06700000000000017,0.0
2017-10-07T15:45:00+00:00,0.129999999999999,0.0
2017-10-07T15:50:00+00:00,0.14400000000000013,0.0
2017-10-07T15:55:00+00:00,0.14400000000000013,0.0
2017-10-07T16:00:00+00:00,0.10899999999999999,0.0
2017-10-07T16:05:00+00:00,0.11100000000000065,0.0
2017-10-07T16:10:00+00:00,0.11099999999999888,0.0
2017-10-07T16:15:00+00:00,0.05900000000000105,0.0
2017-10-07T16:20:00+00:00,0.05599999999999916,0.0
2017-10-07T16:25:00+00:00,0.05600000000000094,0.0
2017-10-07T16:30:00+00:00,0.06299999999999883,0.0
2017-10-07T16:35:00+00:00,0.06700000000000017,0.0
2017-10-07T16:40:00+00:00,0.06700000000000017,0.0
2017-10-07T16:45:00+00:00,0.11299999999999955,0.0
2017-10-07T16:50:00+00:00,0.125,0.0
2017-10-07T16:55:00+00:00,0.125,0.0
2017-10-07T17:00:00+00:00,0.08999999999999986,0.0
2017-10-07T17:05:00+00:00,0.08999999999999986,0.0
2017-10-07T17:10:00+00:00,0.09000000000000163,0.0
2017-10-07T17:15:00+00:00,0.07099999999999973,0.0
2017-10-07T17:20:00+00:00,0.07299999999999862,0.0
2017-10-07T17:25:00+00:00,0.0730000000000004,0.0
2017-10-07T17:30:00+00:00,0.0470000000000006,0.0
2017-10-07T17:35:00+00:00,0.045999999999999375,0.0
2017-10-07T17:40:00+00:00,0.04600000000000115,0.0
2017-10-07T17:45:00+00:00,0.02499999999999858,0.0
2017-10-07T17:50:00+00:00,0.023000000000001464,0.0
2017-10-07T17:55:00+00:00,0.022999999999999687,0.0
2017-10-07T18:00:00+00:00,0.013999999999999346,0.0
2017-10-07T18:05:00+00:00,0.0129999999999999,0.0
2017-10-07T18:10:00+00:00,0.0129999999999999,0.0
2017-10-07T18:15:00+00:00,0.008000000000000895,0.0
2017-10-07T18:20:00+00:00,0.006999999999999673,0.0
2017-10-07T18:25:00+00:00,0.006999999999999673,0.0
2017-10-07T18:30:00+00:00,0.0039999999999995595,0.0
2017-10-07T18:35:00+00:00,0.0030000000000001137,0.0
2017-10-07T18:40:00+00:00,0.0030000000000001137,0.0
2017-10-07T18:45:00+00:00,0.0010000000000012221,0.0
2017-10-07T18:50:00+00:00,0.0009999999999994458,0.0
2017-10-07T18:55:00+00:00,0.0009999999999994458,0.0
2017-10-08T06:30:00+00:00,0.0,0.0
2017-10-08T06:35:00+00:00,0.002,0.0
2017-10-08T06:40:00+00:00,0.002,0.0
2017-10-08T06:45:00+00:00,0.004,0.0
2017-10-08T06:50:00+00:00,0.004999999999999999,0.0
2017-10-08T06:55:00+00:00,0.004999999999999999,0.0
2017-10-08T07:00:00+00:00,0.006000000000000002,0.0
2017-10-08T07:05:00+00:00,0.005999999999999998,0.0
2017-10-08T07:10:00+00:00,0.005999999999999998,0.0
2017-10-08T07:15:00+00:00,0.008,0.0
2017-10-08T07:20:00+00:00,0.011000000000000003,0.0
2017-10-08T07:25:00+00:00,0.011000000000000003,0.0
2017-10-08T07:30:00+00:00,0.016,0.0
2017-10-08T07:35:00+00:00,0.02099999999999999,0.0
2017-10-08T07:40:00+00:00,0.021000000000000005,0.0
2017-10-08T07:45:00+00:00,0.022999999999999993,0.0
2017-10-08T07:50:00+00:00,0.026999999999999996,0.0
2017-10-08T07:55:00+00:00,0.027000000000000024,0.0
2017-10-08T08:00:00+00:00,0.024999999999999994,0.0
2017-10-08T08:05:00+00:00,0.026999999999999996,0.0
2017-10-08T08:10:00+00:00,0.027000000000000024,0.0
2017-10-08T08:15:00+00:00,0.02699999999999997,0.0
2017-10-08T08:20:00+00:00,0.03300000000000003,0.0
2017-10-08T08:25:00+00:00,0.032999999999999974,0.0
2017-10-08T08:30:00+00:00,0.035999999999999976,0.0
2017-10-08T08:35:00+00:00,0.04200000000000004,0.0
2017-10-08T08:40:00+00:00,0.04199999999999998,0.0
2017-10-08T08:45:00+00:00,0.04600000000000004,0.0
2017-10-08T08:50:00+00:00,0.05399999999999994,0.0
2017-10-08T08:55:00+00:00,0.05400000000000005,0.0
2017-10-08T09:00:00+00:00,0.05499999999999994,0.0
2017-10-08T09:05:00+00:00,0.062000000000000055,0.0
2017-10-08T09:10:00+00:00,0.061999999999999944,0.0
2017-10-08T09:15:00+00:00,0.061000000000000054,0.0
2017-10-08T09:20:00+00:00,0.06599999999999995,0.0
2017-10-08T09:25:00+00:00,0.06599999999999995,0.0
2017-10-08T09:30:00+00:00,0.08000000000000007,0.0
2017-10-08T09:35:00+00:00,0.10099999999999998,0.0
2017-10-08T09:40:00+00:00,0.10099999999999998,0.0
2017-10-08T09:45:00+00:00,0.09800000000000009,0.0
2017-10-08T09:50:00+00:00,0.10499999999999998,0.0
2017-10-08T09:55:00+00:00,0.10499999999999998,0.0
2017-10-08T10:00:00+00:00,0.10099999999999998,0.0
2017-10-08T10:05:00+00:00,0.10699999999999998,0.0
2017-10-08T10:10:00+00:00,0.10699999999999998,0.0
2017-10-08T10:15:00+00:00,0.1080000000000001,0.0
2017-10-08T10:20:00+00:00,0.11899999999999977,0.0
2017-10-08T10:25:00+00:00,0.11900000000000022,0.0
2017-10-08T10:30:00+00:00,0.10400000000000009,0.0
2017-10-08T10:35:00+00:00,0.10000000000000009,0.0
2017-10-08T10:40:00+00:00,0.09999999999999964,0.0
2017-10-08T10:45:00+00:00,0.09600000000000009,0.0
2017-10-08T10:50:00+00:00,0.10099999999999998,0.0
2017-10-08T10:55:00+00:00,0.10099999999999998,0.0
2017-10-08T11:00:00+00:00,0.10099999999999998,0.0
2017-10-08T11:05:00+00:00,0.11000000000000032,0.0
2017-10-08T11:10:00+00:00,0.10999999999999988,0.0
2017-10-08T11:15:00+00:00,0.1080000000000001,0.0
2017-10-08T11:20:00+00:00,0.11599999999999966,0.0
2017-10-08T11:25:00+00:00,0.1160000000000001,0.0
2017-10-08T11:30:00+00:00,0.1160000000000001,0.0
2017-10-08T11:35:00+00:00,0.1299999999999999,0.0
2017-10-08T11:40:00+00:00,0.1299999999999999,0.0
2017-10-08T11:45:00+00:00,0.12400000000000055,0.0
2017-10-08T11:50:00+00:00,0.12899999999999956,0.0
2017-10-08T11:55:00+00:00,0.12900000000000045,0.0
2017-10-08T12:00:00+00:00,0.11899999999999977,0.0
2017-10-08T12:05:00+00:00,0.1200000000000001,0.0
2017-10-08T12:10:00+00:00,0.1200000000000001,0.0
2017-10-08T12:15:00+00:00,0.10699999999999932,0.0
2017-10-08T12:20:00+00:00,0.10300000000000065,0.0
2017-10-08T12:25:00+00:00,0.10299999999999976,0.0
2017-10-08T12:30:00+00:00,0.09100000000000019,0.0
2017-10-08T12:35:00+00:00,0.08699999999999974,0.0
2017-10-08T12:40:00+00:00,0.08699999999999974,0.0
2017-10-08T12:45:00+00:00,0.0810000000000004,0.0
2017-10-08T12:50:00+00:00,0.08199999999999985,0.0
2017-10-08T12:55:00+00:00,0.08199999999999985,0.0
2017-10-08T13:00:00+00:00,0.07399999999999984,0.0
2017-10-08T13:05:00+00:00,0.07200000000000006,0.0
2017-10-08T13:10:00+00:00,0.07200000000000006,0.0
2017-10-08T13:15:00+00:00,0.06500000000000039,0.0
2017-10-08T13:20:00+00:00,0.06400000000000006,0.0
2017-10-08T13:25:00+00:00,0.06400000000000006,0.0
2017-10-08T13:30:00+00:00,0.06099999999999994,0.0
2017-10-08T13:35:00+00:00,0.06400000000000006,0.0
2017-10-08T13:40:00+00:00,0.06400000000000006,0.0
2017-10-08T13:45:00+00:00,0.058999999999999275,0.0
2017-10-08T13:50:00+00:00,0.05900000000000016,0.0
2017-10-08T13:55:00+00:00,0.05900000000000016,0.0
2017-10-08T14:00:00+00:00,0.05600000000000005,0.0
2017-10-08T14:05:00+00:00,0.05900000000000016,0.0
2017-10-08T14:10:00+00:00,0.05900000000000016,0.0
2017-10-08T14:15:00+00:00,0.05399999999999938,0.0
2017-10-08T14:20:00+00:00,0.051000000000000156,0.0
2017-10-08T14:25:00+00:00,0.051000000000000156,0.0
2017-10-08T14:30:00+00:00,0.04800000000000004,0.0
2017-10-08T14:35:00+00:00,0.04800000000000004,0.0
2017-10-08T14:40:00+00:00,0.04800000000000004,0.0
2017-10-08T14:45:00+00:00,0.04300000000000015,0.0
2017-10-08T14:50:00+00:00,0.04099999999999948,0.0
2017-10-08T14:55:00+00:00,0.04100000000000037,0.0
2017-10-08T15:00:00+00:00,0.03399999999999981,0.0
2017-10-08T15:05:00+00:00,0.030999999999999694,0.0
2017-10-08T15:10:00+00:00,0.031000000000000583,0.0
2017-10-08T15:15:00+00:00,0.0259999999999998,0.0
2017-10-08T15:20:00+00:00,0.02200000000000024,0.0
2017-10-08T15:25:00+00:00,0.021999999999999353,0.0
2017-10-08T15:30:00+00:00,0.020999999999999908,0.0
2017-10-08T15:35:00+00:00,0.020000000000000462,0.0
2017-10-08T15:40:00+00:00,0.019999999999999574,0.0
2017-10-08T15:45:00+00:00,0.018000000000000682,0.0
2017-10-08T15:50:00+00:00,0.019000000000000128,0.0
2017-10-08T15:55:00+00:00,0.01899999999999924,0.0
2017-10-08T16:00:00+00:00,0.019000000000000128,0.0
2017-10-08T16:05:00+00:00,0.02200000000000024,0.0
2017-10-08T16:10:00+00:00,0.02200000000000024,0.0
2017-10-08T16:15:00+00:00,0.020999999999999908,0.0
2017-10-08T16:20:00+00:00,0.02200000000000024,0.0
2017-10-08T16:25:00+00:00,0.021999999999999353,0.0
2017-10-08T16:30:00+00:00,0.019000000000000128,0.0
2017-10-08T16:35:00+00:00,0.016000000000000014,0.0
2017-10-08T16:40:00+00:00,0.016000000000000014,0.0
2017-10-08T16:45:00+00:00,0.014000000000000234,0.0
2017-10-08T16:50:00+00:00,0.011999999999999567,0.0
2017-10-08T16:55:00+00:00,0.012000000000000455,0.0
2017-10-08T17:00:00+00:00,0.009999999999999787,0.0
2017-10-08T17:05:00+00:00,0.009999999999999787,0.0
2017-10-08T17:10:00+00:00,0.009999999999999787,0.0
2017-10-08T17:15:00+00:00,0.008000000000000007,0.0
2017-10-08T17:20:00+00:00,0.006000000000000227,0.0
2017-10-08T17:25:00+00:00,0.006000000000000227,0.0
2017-10-08T17:30:00+00:00,0.004999999999999893,0.0
2017-10-08T17:35:00+00:00,0.004000000000000448,0.0
2017-10-08T17:40:00+00:00,0.0039999999999995595,0.0
2017-10-08T17:45:00+00:00,0.004999999999999893,0.0
2017-10-08T17:50:00+00:00,0.006000000000000227,0.0
2017-10-08T17:55:00+00:00,0.006000000000000227,0.0
2017-10-08T18:00:00+00:00,0.004999999999999893,0.0
2017-10-08T18:05:00+00:00,0.0030000000000001137,0.0
2017-10-08T18:10:00+00:00,0.0030000000000001137,0.0
2017-10-08T18:15:00+00:00,0.0019999999999997797,0.0
2017-10-08T18:20:00+00:00,0.0009999999999994458,0.0
2017-10-08T18:25:00+00:00,0.001000000000000334,0.0
2017-10-08T18:30:00+00:00,0.001000000000000334,0.0
2017-10-08T18:35:00+00:00,0.0009999999999994458,0.0
2017-10-08T18:40:00+00:00,0.001000000000000334,0.0
2017-10-09T06:40:00+00:00,0.0,0.0
2017-10-09T06:45:00+00:00,0.0,0.0
2017-10-09T06:50:00+00:00,0.002,0.0
2017-10-09T06:55:00+00:00,0.002,0.0
2017-10-09T07:00:00+00:00,0.002,0.0
2017-10-09T07:05:00+00:00,0.002,0.0
2017-10-09T07:10:00+00:00,0.002,0.0
2017-10-09T07:15:00+00:00,0.002,0.0
2017-10-09T07:20:00+00:00,0.008,0.0
2017-10-09T07:25:00+00:00,0.008,0.0
2017-10-09T07:30:00+00:00,0.007999999999999997,0.0
2017-10-09T07:35:00+00:00,0.016,0.0
2017-10-09T07:40:00+00:00,0.016000000000000007,0.0
2017-10-09T07:45:00+00:00,0.015,0.0
2017-10-09T07:50:00+00:00,0.022999999999999993,0.0
2017-10-09T07:55:00+00:00,0.023000000000000007,0.0
2017-10-09T08:00:00+00:00,0.02099999999999999,0.0
2017-10-09T08:05:00+00:00,0.009000000000000008,0.0
2017-10-09T08:10:00+00:00,0.009000000000000008,0.0
2017-10-09T08:15:00+00:00,0.00899999999999998,0.0
2017-10-09T08:20:00+00:00,0.03,0.0
2017-10-09T08:25:00+00:00,0.03,0.0
2017-10-09T08:30:00+00:00,0.028000000000000025,0.0
2017-10-09T08:35:00+00:00,0.046999999999999986,0.0
2017-10-09T08:40:00+00:00,0.04899999999999999,0.0
2017-10-09T08:45:00+00:00,0.04899999999999999,0.0
2017-10-09T08:50:00+00:00,0.049000000000000044,0.0
2017-10-09T08:55:00+00:00,0.04899999999999999,0.0
2017-10-09T09:00:00+00:00,0.04700000000000004,0.0
2017-10-09T09:05:00+00:00,0.07699999999999996,0.0
2017-10-09T09:10:00+00:00,0.07699999999999996,0.0
2017-10-09T09:15:00+00:00,0.07400000000000007,0.0
2017-10-09T09:20:00+00:00,0.09499999999999997,0.0
2017-10-09T09:25:00+00:00,0.09499999999999997,0.0
2017-10-09T09:30:00+00:00,0.09199999999999997,0.0
2017-10-09T09:35:00+00:00,0.1080000000000001,0.0
2017-10-09T09:40:00+00:00,0.10899999999999999,0.0
2017-10-09T09:45:00+00:00,0.10499999999999998,0.0
2017-10-09T09:50:00+00:00,0.121,0.0
2017-10-09T09:55:00+00:00,0.12199999999999989,0.0
2017-10-09T10:00:00+00:00,0.1180000000000001,0.0
2017-10-09T10:05:00+00:00,0.1299999999999999,0.0
2017-10-09T10:10:00+00:00,0.1319999999999999,0.0
2017-10-09T10:15:00+00:00,0.129,0.0
2017-10-09T10:20:00+00:00,0.14100000000000001,0.0
2017-10-09T10:25:00+00:00,0.14300000000000024,0.0
2017-10-09T10:30:00+00:00,0.14000000000000012,0.0
2017-10-09T10:35:00+00:00,0.1499999999999999,0.0
2017-10-09T10:40:00+00:00,0.15399999999999991,0.0
2017-10-09T10:45:00+00:00,0.1509999999999998,0.0
2017-10-09T10:50:00+00:00,0.15700000000000003,0.0
2017-10-09T10:55:00+00:00,0.16100000000000003,0.0
2017-10-09T11:00:00+00:00,0.15800000000000036,0.0
2017-10-09T11:05:00+00:00,0.1599999999999997,0.0
2017-10-09T11:10:00+00:00,0.16500000000000004,0.0
2017-10-09T11:15:00+00:00,0.16400000000000015,0.0
2017-10-09T11:20:00+00:00,0.16900000000000004,0.0
2017-10-09T11:25:00+00:00,0.1769999999999996,0.0
2017-10-09T11:30:00+00:00,0.17600000000000016,0.0
2017-10-09T11:35:00+00:00,0.1770000000000005,0.0
2017-10-09T11:40:00+00:00,0.18599999999999994,0.0
2017-10-09T11:45:00+00:00,0.1849999999999996,0.0
2017-10-09T11:50:00+00:00,0.1850000000000005,0.0
2017-10-09T11:55:00+00:00,0.19299999999999962,0.0
2017-10-09T12:00:00+00:00,0.19299999999999962,0.0
2017-10-09T12:05:00+00:00,0.19100000000000072,0.0
2017-10-09T12:10:00+00:00,0.19899999999999984,0.0
2017-10-09T12:15:00+00:00,0.19899999999999984,0.0
2017-10-09T12:20:00+00:00,0.19500000000000028,0.0
2017-10-09T12:25:00+00:00,0.20399999999999974,0.0
2017-10-09T12:30:00+00:00,0.20399999999999974,0.0
2017-10-09T12:35:00+00:00,0.19700000000000006,0.0
2017-10-09T12:40:00+00:00,0.2060000000000004,0.0
2017-10-09T12:45:00+00:00,0.20599999999999952,0.0
2017-10-09T12:50:00+00:00,0.18100000000000005,0.0
2017-10-09T12:55:00+00:00,0.1900000000000004,0.0
2017-10-09T13:00:00+00:00,0.1899999999999995,0.0
2017-10-09T13:05:00+00:00,0.17400000000000038,0.0
2017-10-09T13:10:00+00:00,0.18200000000000038,0.0
2017-10-09T13:15:00+00:00,0.1819999999999986,0.0
2017-10-09T13:20:00+00:00,0.19000000000000128,0.0
2017-10-09T13:25:00+00:00,0.20099999999999874,0.0
2017-10-09T13:30:00+00:00,0.2010000000000005,0.0
2017-10-09T13:35:00+00:00,0.17999999999999972,0.0
2017-10-09T13:40:00+00:00,0.1880000000000006,0.0
2017-10-09T13:45:00+00:00,0.1880000000000006,0.0
2017-10-09T13:50:00+00:00,0.17499999999999893,0.0
2017-10-09T13:55:00+00:00,0.18299999999999983,0.0
2017-10-09T14:00:00+00:00,0.18299999999999983,0.0
2017-10-09T14:05:00+00:00,0.09000000000000163,0.0
2017-10-09T14:10:00+00:00,0.09199999999999875,0.0
2017-10-09T14:15:00+00:00,0.09200000000000053,0.0
2017-10-09T14:20:00+00:00,0.13599999999999923,0.0
2017-10-09T14:25:00+00:00,0.1460000000000008,0.0
2017-10-09T14:30:00+00:00,0.14599999999999902,0.0
2017-10-09T14:35:00+00:00,0.15000000000000036,0.0
2017-10-09T14:40:00+00:00,0.15800000000000125,0.0
2017-10-09T14:45:00+00:00,0.15799999999999947,0.0
2017-10-09T14:50:00+00:00,0.18900000000000006,0.0
2017-10-09T14:55:00+00:00,0.2010000000000005,0.0
2017-10-09T15:00:00+00:00,0.20099999999999874,0.0
2017-10-09T15:05:00+00:00,0.17400000000000126,0.0
2017-10-09T15:10:00+00:00,0.18099999999999916,0.0
2017-10-09T15:15:00+00:00,0.18099999999999916,0.0
2017-10-09T15:20:00+00:00,0.13400000000000034,0.0
2017-10-09T15:25:00+00:00,0.1379999999999999,0.0
2017-10-09T15:30:00+00:00,0.1379999999999999,0.0
2017-10-09T15:35:00+00:00,0.1280000000000001,0.0
2017-10-09T15:40:00+00:00,0.1349999999999998,0.0
2017-10-09T15:45:00+00:00,0.13500000000000156,0.0
2017-10-09T15:50:00+00:00,0.15899999999999892,0.0
2017-10-09T15:55:00+00:00,0.17100000000000115,0.0
2017-10-09T16:00:00+00:00,0.17099999999999937,0.0
2017-10-09T16:05:00+00:00,0.058999999999999275,0.0
2017-10-09T16:10:00+00:00,0.051000000000000156,0.0
2017-10-09T16:15:00+00:00,0.051000000000000156,0.0
2017-10-09T16:20:00+00:00,0.051000000000000156,0.0
2017-10-09T16:25:00+00:00,0.054999999999999716,0.0
2017-10-09T16:30:00+00:00,0.054999999999999716,0.0
2017-10-09T16:35:00+00:00,0.030000000000001137,0.0
2017-10-09T16:40:00+00:00,0.027999999999998693,0.0
2017-10-09T16:45:00+00:00,0.02800000000000047,0.0
2017-10-09T16:50:00+00:00,0.017000000000001236,0.0
2017-10-09T16:55:00+00:00,0.015999999999998238,0.0
2017-10-09T17:00:00+00:00,0.016000000000000014,0.0
2017-10-09T17:05:00+00:00,0.011000000000001009,0.0
2017-10-09T17:10:00+00:00,0.010999999999999233,0.0
2017-10-09T17:15:00+00:00,0.011000000000001009,0.0
2017-10-09T17:20:00+00:00,0.014999999999998792,0.0
2017-10-09T17:25:00+00:00,0.017000000000001236,0.0
2017-10-09T17:30:00+00:00,0.01699999999999946,0.0
2017-10-09T17:35:00+00:00,0.013999999999999346,0.0
2017-10-09T17:40:00+00:00,0.014000000000001123,0.0
2017-10-09T17:45:00+00:00,0.013999999999999346,0.0
2017-10-09T17:50:00+00:00,0.005000000000000782,0.0
2017-10-09T17:55:00+00:00,0.0039999999999995595,0.0
2017-10-09T18:00:00+00:00,0.0039999999999995595,0.0
2017-10-09T18:05:00+00:00,0.0010000000000012221,0.0
2017-10-09T18:10:00+00:00,0.0009999999999994458,0.0
2017-10-09T18:15:00+00:00,0.0009999999999994458,0.0
2017-10-09T18:20:00+00:00,0.008000000000000895,0.0
2017-10-09T18:25:00+00:00,0.009999999999999787,0.0
2017-10-09T18:30:00+00:00,0.009999999999999787,0.0
2017-10-09T18:35:00+00:00,0.009000000000000341,0.0
2017-10-09T18:40:00+00:00,0.009000000000000341,0.0
2017-10-09T18:45:00+00:00,0.008999999999998565,0.0
2017-10-09T18:50:00+00:00,0.002000000000000668,0.0
2017-10-09T18:55:00+00:00,0.0009999999999994458,0.0
2017-10-09T19:00:00+00:00,0.0010000000000012221,0.0
2017-10-10T06:55:00+00:00,0.0,0.0
2017-10-10T07:00:00+00:00,0.001,0.0
2017-10-10T07:05:00+00:00,0.004,0.0
2017-10-10T07:10:00+00:00,0.011,0.0
2017-10-10T07:15:00+00:00,0.011,0.0
2017-10-10T07:20:00+00:00,0.011,0.0
2017-10-10T07:25:00+00:00,0.012000000000000004,0.0
2017-10-10T07:30:00+00:00,0.011999999999999997,0.0
2017-10-10T07:35:00+00:00,0.011999999999999997,0.0
2017-10-10T07:40:00+00:00,0.011999999999999997,0.0
2017-10-10T07:45:00+00:00,0.01200000000000001,0.0
2017-10-10T07:50:00+00:00,0.012999999999999998,0.0
2017-10-10T07:55:00+00:00,0.013999999999999999,0.0
2017-10-10T08:00:00+00:00,0.014000000000000012,0.0
2017-10-10T08:05:00+00:00,0.016999999999999987,0.0
2017-10-10T08:10:00+00:00,0.02099999999999999,0.0
2017-10-10T08:15:00+00:00,0.02100000000000002,0.0
2017-10-10T08:20:00+00:00,0.021999999999999992,0.0
2017-10-10T08:25:00+00:00,0.025999999999999995,0.0
2017-10-10T08:30:00+00:00,0.026000000000000023,0.0
2017-10-10T08:35:00+00:00,0.032999999999999974,0.0
2017-10-10T08:40:00+00:00,0.04299999999999998,0.0
2017-10-10T08:45:00+00:00,0.04300000000000004,0.0
2017-10-10T08:50:00+00:00,0.035999999999999976,0.0
2017-10-10T08:55:00+00:00,0.039000000000000035,0.0
2017-10-10T09:00:00+00:00,0.03899999999999998,0.0
2017-10-10T09:05:00+00:00,0.039000000000000035,0.0
2017-10-10T09:10:00+00:00,0.038999999999999924,0.0
2017-10-10T09:15:00+00:00,0.039000000000000035,0.0
2017-10-10T09:20:00+00:00,0.050000000000000044,0.0
2017-10-10T09:25:00+00:00,0.06599999999999995,0.0
2017-10-10T09:30:00+00:00,0.06600000000000006,0.0
2017-10-10T09:35:00+00:00,0.06799999999999995,0.0
2017-10-10T09:40:00+00:00,0.07699999999999996,0.0
2017-10-10T09:45:00+00:00,0.07700000000000007,0.0
2017-10-10T09:50:00+00:00,0.052000000000000046,0.0
2017-10-10T09:55:00+00:00,0.03600000000000003,0.0
2017-10-10T10:00:00+00:00,0.03599999999999981,0.0
2017-10-10T10:05:00+00:00,0.029000000000000137,0.0
2017-10-10T10:10:00+00:00,0.026999999999999913,0.0
2017-10-10T10:15:00+00:00,0.027000000000000135,0.0
2017-10-10T10:20:00+00:00,0.041999999999999815,0.0
2017-10-10T10:25:00+00:00,0.07500000000000018,0.0
2017-10-10T10:30:00+00:00,0.07499999999999996,0.0
2017-10-10T10:35:00+00:00,0.07499999999999996,0.0
2017-10-10T10:40:00+00:00,0.07499999999999996,0.0
2017-10-10T10:45:00+00:00,0.07499999999999996,0.0
2017-10-10T10:50:00+00:00,0.07500000000000018,0.0
2017-10-10T10:55:00+00:00,0.07499999999999996,0.0
2017-10-10T11:00:00+00:00,0.07499999999999996,0.0
2017-10-10T11:05:00+00:00,0.08400000000000007,0.0
2017-10-10T11:10:00+00:00,0.10099999999999998,0.0
2017-10-10T11:15:00+00:00,0.10099999999999998,0.0
2017-10-10T11:20:00+00:00,0.07799999999999985,0.0
2017-10-10T11:25:00+00:00,0.06300000000000017,0.0
2017-10-10T11:30:00+00:00,0.06300000000000017,0.0
2017-10-10T11:35:00+00:00,0.04599999999999982,0.0
2017-10-10T11:40:00+00:00,0.03399999999999981,0.0
2017-10-10T11:45:00+00:00,0.03400000000000025,0.0
2017-10-10T11:50:00+00:00,0.0389999999999997,0.0
2017-10-10T11:55:00+00:00,0.04800000000000004,0.0
2017-10-10T12:00:00+00:00,0.04800000000000004,0.0
2017-10-10T12:05:00+00:00,0.04600000000000026,0.0
2017-10-10T12:10:00+00:00,0.04999999999999982,0.0
2017-10-10T12:15:00+00:00,0.04999999999999982,0.0
2017-10-10T12:20:00+00:00,0.04800000000000004,0.0
2017-10-10T12:25:00+00:00,0.051000000000000156,0.0
2017-10-10T12:30:00+00:00,0.051000000000000156,0.0
2017-10-10T12:35:00+00:00,0.04400000000000004,0.0
2017-10-10T12:40:00+00:00,0.040999999999999925,0.0
2017-10-10T12:45:00+00:00,0.040999999999999925,0.0
2017-10-10T12:50:00+00:00,0.03699999999999992,0.0
2017-10-10T12:55:00+00:00,0.038000000000000256,0.0
2017-10-10T13:00:00+00:00,0.03799999999999981,0.0
2017-10-10T13:05:00+00:00,0.03500000000000014,0.0
2017-10-10T13:10:00+00:00,0.03699999999999992,0.0
2017-10-10T13:15:00+00:00,0.03699999999999992,0.0
2017-10-10T13:20:00+00:00,0.04400000000000004,0.0
2017-10-10T13:25:00+00:00,0.05799999999999983,0.0
2017-10-10T13:30:00+00:00,0.058000000000000274,0.0
2017-10-10T13:35:00+00:00,0.09099999999999975,0.0
2017-10-10T13:40:00+00:00,0.14300000000000024,0.0
2017-10-10T13:45:00+00:00,0.1429999999999998,0.0
2017-10-10T13:50:00+00:00,0.129,0.0
2017-10-10T13:55:00+00:00,0.12400000000000011,0.0
2017-10-10T14:00:00+00:00,0.12399999999999967,0.0
2017-10-10T14:05:00+00:00,0.13500000000000068,0.0
2017-10-10T14:10:00+00:00,0.1639999999999997,0.0
2017-10-10T14:15:00+00:00,0.1639999999999997,0.0
2017-10-10T14:20:00+00:00,0.13100000000000023,0.0
2017-10-10T14:25:00+00:00,0.1120000000000001,0.0
2017-10-10T14:30:00+00:00,0.1120000000000001,0.0
2017-10-10T14:35:00+00:00,0.1120000000000001,0.0
2017-10-10T14:40:00+00:00,0.1120000000000001,0.0
2017-10-10T14:45:00+00:00,0.11199999999999921,0.0
2017-10-10T14:50:00+00:00,0.11699999999999999,0.0
2017-10-10T14:55:00+00:00,0.13600000000000012,0.0
2017-10-10T15:00:00+00:00,0.13600000000000012,0.0
2017-10-10T15:05:00+00:00,0.10800000000000054,0.0
2017-10-10T15:10:00+00:00,0.07899999999999974,0.0
2017-10-10T15:15:00+00:00,0.07899999999999974,0.0
2017-10-10T15:20:00+00:00,0.09499999999999975,0.0
2017-10-10T15:25:00+00:00,0.13100000000000023,0.0
2017-10-10T15:30:00+00:00,0.13100000000000023,0.0
2017-10-10T15:35:00+00:00,0.14200000000000035,0.0
2017-10-10T15:40:00+00:00,0.17499999999999982,0.0
2017-10-10T15:45:00+00:00,0.17499999999999982,0.0
2017-10-10T15:50:00+00:00,0.1639999999999997,0.0
2017-10-10T15:55:00+00:00,0.16900000000000048,0.0
2017-10-10T16:00:00+00:00,0.1689999999999996,0.0
2017-10-10T16:05:00+00:00,0.15399999999999991,0.0
2017-10-10T16:10:00+00:00,0.15000000000000036,0.0
2017-10-10T16:15:00+00:00,0.14999999999999947,0.0
2017-10-10T16:20:00+00:00,0.1280000000000001,0.0
2017-10-10T16:25:00+00:00,0.1070000000000011,0.0
2017-10-10T16:30:00+00:00,0.10699999999999932,0.0
2017-10-10T16:35:00+00:00,0.09800000000000075,0.0
2017-10-10T16:40:00+00:00,0.09399999999999942,0.0
2017-10-10T16:45:00+00:00,0.09399999999999942,0.0
2017-10-10T16:50:00+00:00,0.0730000000000004,0.0
2017-10-10T16:55:00+00:00,0.0470000000000006,0.0
2017-10-10T17:00:00+00:00,0.04699999999999882,0.0
2017-10-10T17:05:00+00:00,0.0389999999999997,0.0
2017-10-10T17:10:00+00:00,0.034000000000000696,0.0
2017-10-10T17:15:00+00:00,0.034000000000000696,0.0
2017-10-10T17:20:00+00:00,0.027999999999998693,0.0
2017-10-10T17:25:00+00:00,0.023000000000001464,0.0
2017-10-10T17:30:00+00:00,0.022999999999999687,0.0
2017-10-10T17:35:00+00:00,0.019999999999999574,0.0
2017-10-10T17:40:00+00:00,0.01699999999999946,0.0
2017-10-10T17:45:00+00:00,0.017000000000001236,0.0
2017-10-10T17:50:00+00:00,0.014999999999998792,0.0
2017-10-10T17:55:00+00:00,0.0129999999999999,0.0
2017-10-10T18:00:00+00:00,0.0129999999999999,0.0
2017-10-10T18:05:00+00:00,0.011000000000001009,0.0
2017-10-10T18:10:00+00:00,0.007999999999999119,0.0
2017-10-10T18:15:00+00:00,0.008000000000000895,0.0
2017-10-10T18:20:00+00:00,0.006999999999999673,0.0
2017-10-10T18:25:00+00:00,0.0039999999999995595,0.0
2017-10-10T18:30:00+00:00,0.0039999999999995595,0.0
2017-10-10T18:35:00+00:00,0.004000000000001336,0.0
2017-10-10T18:40:00+00:00,0.0019999999999988916,0.0
2017-10-10T18:45:00+00:00,0.002000000000000668,0.0
2017-10-10T18:50:00+00:00,0.0009999999999994458,0.0
2017-10-10T18:55:00+00:00,0.0,0.0
2017-10-10T19:00:00+00:00,0.0,0.0
2017-10-11T06:40:00+00:00,0.0,0.0
2017-10-11T06:45:00+00:00,0.0,0.0
2017-10-11T06:50:00+00:00,0.0,0.0
2017-10-11T06:55:00+00:00,0.002,0.0
2017-10-11T07:00:00+00:00,0.002,0.0
2017-10-11T07:05:00+00:00,0.002,0.0
2017-10-11T07:10:00+00:00,0.004,0.0
2017-10-11T07:15:00+00:00,0.004,0.0
2017-10-11T07:20:00+00:00,0.003999999999999998,0.0
2017-10-11T07:25:00+00:00,0.006000000000000002,0.0
2017-10-11T07:30:00+00:00,0.005999999999999998,0.0
2017-10-11T07:35:00+00:00,0.005999999999999998,0.0
2017-10-11T07:40:00+00:00,0.010000000000000002,0.0
2017-10-11T07:45:00+00:00,0.010000000000000002,0.0
2017-10-11T07:50:00+00:00,0.009000000000000001,0.0
2017-10-11T07:55:00+00:00,0.009999999999999995,0.0
2017-10-11T08:00:00+00:00,0.010000000000000009,0.0
2017-10-11T08:05:00+00:00,0.008999999999999994,0.0
2017-10-11T08:10:00+00:00,0.007999999999999993,0.0
2017-10-11T08:15:00+00:00,0.008000000000000007,0.0
2017-10-11T08:20:00+00:00,0.007999999999999993,0.0
2017-10-11T08:25:00+00:00,0.01200000000000001,0.0
2017-10-11T08:30:00+00:00,0.011999999999999983,0.0
2017-10-11T08:35:00+00:00,0.01200000000000001,0.0
2017-10-11T08:40:00+00:00,0.034,0.0
2017-10-11T08:45:00+00:00,0.034,0.0
2017-10-11T08:50:00+00:00,0.032,0.0
2017-10-11T08:55:00+00:00,0.03199999999999997,0.0
2017-10-11T09:00:00+00:00,0.03200000000000003,0.0
2017-10-11T09:05:00+00:00,0.02999999999999997,0.0
2017-10-11T09:10:00+00:00,0.020000000000000018,0.0
2017-10-11T09:15:00+00:00,0.020000000000000018,0.0
2017-10-11T09:20:00+00:00,0.01899999999999996,0.0
2017-10-11T09:25:00+00:00,0.02200000000000002,0.0
2017-10-11T09:30:00+00:00,0.02200000000000002,0.0
2017-10-11T09:35:00+00:00,0.020999999999999963,0.0
2017-10-11T09:40:00+00:00,0.019000000000000017,0.0
2017-10-11T09:45:00+00:00,0.019000000000000017,0.0
2017-10-11T09:50:00+00:00,0.018000000000000016,0.0
2017-10-11T09:55:00+00:00,0.013000000000000012,0.0
2017-10-11T10:00:00+00:00,0.014000000000000012,0.0
2017-10-11T10:05:00+00:00,0.013999999999999901,0.0
2017-10-11T10:10:00+00:00,0.014000000000000012,0.0
2017-10-11T10:15:00+00:00,0.014000000000000012,0.0
2017-10-11T10:20:00+00:00,0.013000000000000012,0.0
2017-10-11T10:25:00+00:00,0.014000000000000012,0.0
2017-10-11T10:30:00+00:00,0.014000000000000012,0.0
2017-10-11T10:35:00+00:00,0.014000000000000012,0.0
2017-10-11T10:40:00+00:00,0.028000000000000025,0.0
2017-10-11T10:45:00+00:00,0.028999999999999915,0.0
2017-10-11T10:50:00+00:00,0.028000000000000025,0.0
2017-10-11T10:55:00+00:00,0.03400000000000003,0.0
2017-10-11T11:00:00+00:00,0.03500000000000003,0.0
2017-10-11T11:05:00+00:00,0.03399999999999992,0.0
2017-10-11T11:10:00+00:00,0.028000000000000025,0.0
2017-10-11T11:15:00+00:00,0.030000000000000027,0.0
2017-10-11T11:20:00+00:00,0.029000000000000026,0.0
2017-10-11T11:25:00+00:00,0.018999999999999906,0.0
2017-10-11T11:30:00+00:00,0.020000000000000018,0.0
2017-10-11T11:35:00+00:00,0.020000000000000018,0.0
2017-10-11T11:40:00+00:00,0.02299999999999991,0.0
2017-10-11T11:45:00+00:00,0.02400000000000002,0.0
2017-10-11T11:50:00+00:00,0.02400000000000002,0.0
2017-10-11T11:55:00+00:00,0.019000000000000128,0.0
2017-10-11T12:00:00+00:00,0.020000000000000018,0.0
2017-10-11T12:05:00+00:00,0.020000000000000018,0.0
2017-10-11T12:10:00+00:00,0.040999999999999925,0.0
2017-10-11T12:15:00+00:00,0.04299999999999993,0.0
2017-10-11T12:20:00+00:00,0.04300000000000015,0.0
2017-10-11T12:25:00+00:00,0.08099999999999996,0.0
2017-10-11T12:30:00+00:00,0.08499999999999996,0.0
2017-10-11T12:35:00+00:00,0.08499999999999996,0.0
2017-10-11T12:40:00+00:00,0.06299999999999994,0.0
2017-10-11T12:45:00+00:00,0.06600000000000006,0.0
2017-10-11T12:50:00+00:00,0.06600000000000006,0.0
2017-10-11T12:55:00+00:00,0.038000000000000034,0.0
2017-10-11T13:00:00+00:00,0.039999999999999813,0.0
2017-10-11T13:05:00+00:00,0.040000000000000036,0.0
2017-10-11T13:10:00+00:00,0.061000000000000165,0.0
2017-10-11T13:15:00+00:00,0.06699999999999995,0.0
2017-10-11T13:20:00+00:00,0.06699999999999973,0.0
2017-10-11T13:25:00+00:00,0.06700000000000017,0.0
2017-10-11T13:30:00+00:00,0.06700000000000017,0.0
2017-10-11T13:35:00+00:00,0.06699999999999973,0.0
2017-10-11T13:40:00+00:00,0.06899999999999995,0.0
2017-10-11T13:45:00+00:00,0.07200000000000006,0.0
2017-10-11T13:50:00+00:00,0.07200000000000006,0.0
2017-10-11T13:55:00+00:00,0.05699999999999994,0.0
2017-10-11T14:00:00+00:00,0.06000000000000005,0.0
2017-10-11T14:05:00+00:00,0.06000000000000005,0.0
2017-10-11T14:10:00+00:00,0.11100000000000021,0.0
2017-10-11T14:15:00+00:00,0.11899999999999977,0.0
2017-10-11T14:20:00+00:00,0.11900000000000022,0.0
2017-10-11T14:25:00+00:00,0.1629999999999998,0.0
2017-10-11T14:30:00+00:00,0.17399999999999993,0.0
2017-10-11T14:35:00+00:00,0.17399999999999993,0.0
2017-10-11T14:40:00+00:00,0.14500000000000002,0.0
2017-10-11T14:45:00+00:00,0.15000000000000036,0.0
2017-10-11T14:50:00+00:00,0.1499999999999999,0.0
2017-10-11T14:55:00+00:00,0.129,0.0
2017-10-11T15:00:00+00:00,0.1349999999999998,0.0
2017-10-11T15:05:00+00:00,0.1349999999999998,0.0
2017-10-11T15:10:00+00:00,0.12300000000000022,0.0
2017-10-11T15:15:00+00:00,0.12900000000000045,0.0
2017-10-11T15:20:00+00:00,0.12899999999999956,0.0
2017-10-11T15:25:00+00:00,0.11899999999999977,0.0
2017-10-11T15:30:00+00:00,0.125,0.0
2017-10-11T15:35:00+00:00,0.125,0.0
2017-10-11T15:40:00+00:00,0.1459999999999999,0.0
2017-10-11T15:45:00+00:00,0.15600000000000058,0.0
2017-10-11T15:50:00+00:00,0.1559999999999997,0.0
2017-10-11T15:55:00+00:00,0.16000000000000014,0.0
2017-10-11T16:00:00+00:00,0.16800000000000015,0.0
2017-10-11T16:05:00+00:00,0.16800000000000015,0.0
2017-10-11T16:10:00+00:00,0.13199999999999967,0.0
2017-10-11T16:15:00+00:00,0.13600000000000012,0.0
2017-10-11T16:20:00+00:00,0.13600000000000012,0.0
2017-10-11T16:25:00+00:00,0.05999999999999961,0.0
2017-10-11T16:30:00+00:00,0.05600000000000005,0.0
2017-10-11T16:35:00+00:00,0.05600000000000005,0.0
2017-10-11T16:40:00+00:00,0.07099999999999973,0.0
2017-10-11T16:45:00+00:00,0.07699999999999996,0.0
2017-10-11T16:50:00+00:00,0.07699999999999996,0.0
2017-10-11T16:55:00+00:00,0.05200000000000049,0.0
2017-10-11T17:00:00+00:00,0.052999999999999936,0.0
2017-10-11T17:05:00+00:00,0.052999999999999936,0.0
2017-10-11T17:10:00+00:00,0.07000000000000028,0.0
2017-10-11T17:15:00+00:00,0.07599999999999962,0.0
2017-10-11T17:20:00+00:00,0.07600000000000051,0.0
2017-10-11T17:25:00+00:00,0.058999999999999275,0.0
2017-10-11T17:30:00+00:00,0.06099999999999994,0.0
2017-10-11T17:35:00+00:00,0.06100000000000083,0.0
2017-10-11T17:40:00+00:00,0.047999999999999154,0.0
2017-10-11T17:45:00+00:00,0.04900000000000038,0.0
2017-10-11T17:50:00+00:00,0.04900000000000038,0.0
2017-10-11T17:55:00+00:00,0.02999999999999936,0.0
2017-10-11T18:00:00+00:00,0.028999999999999915,0.0
2017-10-11T18:05:00+00:00,0.029000000000000803,0.0
2017-10-11T18:10:00+00:00,0.013999999999999346,0.0
2017-10-11T18:15:00+00:00,0.0129999999999999,0.0
2017-10-11T18:20:00+00:00,0.0129999999999999,0.0
2017-10-11T18:25:00+00:00,0.009000000000000341,0.0
2017-10-11T18:30:00+00:00,0.009000000000000341,0.0
2017-10-11T18:35:00+00:00,0.008999999999999453,0.0
2017-10-11T18:40:00+00:00,0.0030000000000001137,0.0
2017-10-11T18:45:00+00:00,0.0030000000000001137,0.0
2017-10-11T18:50:00+00:00,0.0030000000000001137,0.0
2017-10-11T18:55:00+00:00,0.0,0.0
2017-10-11T19:00:00+00:00,0.0,0.0
2017-10-11T19:05:00+00:00,0.0,0.0
2017-10-12T06:55:00+00:00,0.0,0.0
2017-10-12T07:00:00+00:00,0.0,0.0
2017-10-12T07:05:00+00:00,0.0,0.0
2017-10-12T07:10:00+00:00,0.002,0.0
2017-10-12T07:15:00+00:00,0.004,0.0
2017-10-12T07:20:00+00:00,0.004,0.0
2017-10-12T07:25:00+00:00,0.004999999999999999,0.0
2017-10-12T07:30:00+00:00,0.005000000000000001,0.0
2017-10-12T07:35:00+00:00,0.005000000000000001,0.0
2017-10-12T07:40:00+00:00,0.009000000000000001,0.0
2017-10-12T07:45:00+00:00,0.013999999999999999,0.0
2017-10-12T07:50:00+00:00,0.013999999999999999,0.0
2017-10-12T07:55:00+00:00,0.017,0.0
2017-10-12T08:00:00+00:00,0.022000000000000006,0.0
2017-10-12T08:05:00+00:00,0.021999999999999992,0.0
2017-10-12T08:10:00+00:00,0.027999999999999997,0.0
2017-10-12T08:15:00+00:00,0.035,0.0
2017-10-12T08:20:00+00:00,0.035,0.0
2017-10-12T08:25:00+00:00,0.027999999999999997,0.0
2017-10-12T08:30:00+00:00,0.027000000000000024,0.0
2017-10-12T08:35:00+00:00,0.02699999999999997,0.0
2017-10-12T08:40:00+00:00,0.04199999999999998,0.0
2017-10-12T08:45:00+00:00,0.05800000000000005,0.0
2017-10-12T08:50:00+00:00,0.057999999999999996,0.0
2017-10-12T08:55:00+00:00,0.056999999999999995,0.0
2017-10-12T09:00:00+00:00,0.06099999999999994,0.0
2017-10-12T09:05:00+00:00,0.061000000000000054,0.0
2017-10-12T09:10:00+00:00,0.05699999999999994,0.0
2017-10-12T09:15:00+00:00,0.05900000000000005,0.0
2017-10-12T09:20:00+00:00,0.05899999999999994,0.0
2017-10-12T09:25:00+00:00,0.07300000000000006,0.0
2017-10-12T09:30:00+00:00,0.09199999999999997,0.0
2017-10-12T09:35:00+00:00,0.09200000000000008,0.0
2017-10-12T09:40:00+00:00,0.10199999999999987,0.0
2017-10-12T09:45:00+00:00,0.121,0.0
2017-10-12T09:50:00+00:00,0.121,0.0
2017-10-12T09:55:00+00:00,0.11299999999999999,0.0
2017-10-12T10:00:00+00:00,0.1180000000000001,0.0
2017-10-12T10:05:00+00:00,0.11799999999999988,0.0
2017-10-12T10:10:00+00:00,0.127,0.0
2017-10-12T10:15:00+00:00,0.14700000000000024,0.0
2017-10-12T10:20:00+00:00,0.1469999999999998,0.0
2017-10-12T10:25:00+00:00,0.129,0.0
2017-10-12T10:30:00+00:00,0.12400000000000011,0.0
2017-10-12T10:35:00+00:00,0.12400000000000011,0.0
2017-10-12T10:40:00+00:00,0.13999999999999968,0.0
2017-10-12T10:45:00+00:00,0.16800000000000015,0.0
2017-10-12T10:50:00+00:00,0.16800000000000015,0.0
2017-10-12T10:55:00+00:00,0.1519999999999997,0.0
2017-10-12T11:00:00+00:00,0.15900000000000025,0.0
2017-10-12T11:05:00+00:00,0.1589999999999998,0.0
2017-10-12T11:10:00+00:00,0.14800000000000013,0.0
2017-10-12T11:15:00+00:00,0.1459999999999999,0.0
2017-10-12T11:20:00+00:00,0.1459999999999999,0.0
2017-10-12T11:25:00+00:00,0.15399999999999991,0.0
2017-10-12T11:30:00+00:00,0.17900000000000027,0.0
2017-10-12T11:35:00+00:00,0.17900000000000027,0.0
2017-10-12T11:40:00+00:00,0.18100000000000005,0.0
2017-10-12T11:45:00+00:00,0.20099999999999962,0.0
2017-10-12T11:50:00+00:00,0.20099999999999962,0.0
2017-10-12T11:55:00+00:00,0.19500000000000028,0.0
2017-10-12T12:00:00+00:00,0.20900000000000052,0.0
2017-10-12T12:05:00+00:00,0.20899999999999963,0.0
2017-10-12T12:10:00+00:00,0.20199999999999996,0.0
2017-10-12T12:15:00+00:00,0.2140000000000004,0.0
2017-10-12T12:20:00+00:00,0.21399999999999952,0.0
2017-10-12T12:25:00+00:00,0.20500000000000007,0.0
2017-10-12T12:30:00+00:00,0.21499999999999986,0.0
2017-10-12T12:35:00+00:00,0.21499999999999986,0.0
2017-10-12T12:40:00+00:00,0.20500000000000007,0.0
2017-10-12T12:45:00+00:00,0.2160000000000002,0.0
2017-10-12T12:50:00+00:00,0.2160000000000002,0.0
2017-10-12T12:55:00+00:00,0.20599999999999952,0.0
2017-10-12T13:00:00+00:00,0.2160000000000002,0.0
2017-10-12T13:05:00+00:00,0.2159999999999993,0.0
2017-10-12T13:10:00+00:00,0.20500000000000007,0.0
2017-10-12T13:15:00+00:00,0.21600000000000108,0.0
2017-10-12T13:20:00+00:00,0.2159999999999993,0.0
2017-10-12T13:25:00+00:00,0.20599999999999952,0.0
2017-10-12T13:30:00+00:00,0.21600000000000108,0.0
2017-10-12T13:35:00+00:00,0.2159999999999993,0.0
2017-10-12T13:40:00+00:00,0.20500000000000007,0.0
2017-10-12T13:45:00+00:00,0.21600000000000108,0.0
2017-10-12T13:50:00+00:00,0.2159999999999993,0.0
2017-10-12T13:55:00+00:00,0.20599999999999952,0.0
2017-10-12T14:00:00+00:00,0.21499999999999986,0.0
2017-10-12T14:05:00+00:00,0.21499999999999986,0.0
2017-10-12T14:10:00+00:00,0.20500000000000007,0.0
2017-10-12T14:15:00+00:00,0.21600000000000108,0.0
2017-10-12T14:20:00+00:00,0.2159999999999993,0.0
2017-10-12T14:25:00+00:00,0.20500000000000007,0.0
2017-10-12T14:30:00+00:00,0.2140000000000004,0.0
2017-10-12T14:35:00+00:00,0.2140000000000004,0.0
2017-10-12T14:40:00+00:00,0.20199999999999996,0.0
2017-10-12T14:45:00+00:00,0.20899999999999963,0.0
2017-10-12T14:50:00+00:00,0.20899999999999963,0.0
2017-10-12T14:55:00+00:00,0.1980000000000004,0.0
2017-10-12T15:00:00+00:00,0.20500000000000007,0.0
2017-10-12T15:05:00+00:00,0.20500000000000007,0.0
2017-10-12T15:10:00+00:00,0.19299999999999962,0.0
2017-10-12T15:15:00+00:00,0.1980000000000004,0.0
2017-10-12T15:20:00+00:00,0.1980000000000004,0.0
2017-10-12T15:25:00+00:00,0.18599999999999994,0.0
2017-10-12T15:30:00+00:00,0.18900000000000006,0.0
2017-10-12T15:35:00+00:00,0.18900000000000006,0.0
2017-10-12T15:40:00+00:00,0.17599999999999838,0.0
2017-10-12T15:45:00+00:00,0.18100000000000094,0.0
2017-10-12T15:50:00+00:00,0.18099999999999916,0.0
2017-10-12T15:55:00+00:00,0.16800000000000104,0.0
2017-10-12T16:00:00+00:00,0.17099999999999937,0.0
2017-10-12T16:05:00+00:00,0.17100000000000115,0.0
2017-10-12T16:10:00+00:00,0.15899999999999892,0.0
2017-10-12T16:15:00+00:00,0.16000000000000014,0.0
2017-10-12T16:20:00+00:00,0.16000000000000014,0.0
2017-10-12T16:25:00+00:00,0.14700000000000024,0.0
2017-10-12T16:30:00+00:00,0.14499999999999957,0.0
2017-10-12T16:35:00+00:00,0.14499999999999957,0.0
2017-10-12T16:40:00+00:00,0.13299999999999912,0.0
2017-10-12T16:45:00+00:00,0.1280000000000001,0.0
2017-10-12T16:50:00+00:00,0.1280000000000001,0.0
2017-10-12T16:55:00+00:00,0.11400000000000077,0.0
2017-10-12T17:00:00+00:00,0.10800000000000054,0.0
2017-10-12T17:05:00+00:00,0.10800000000000054,0.0
2017-10-12T17:10:00+00:00,0.09199999999999875,0.0
2017-10-12T17:15:00+00:00,0.08000000000000185,0.0
2017-10-12T17:20:00+00:00,0.0799999999999983,0.0
2017-10-12T17:25:00+00:00,0.0710000000000015,0.0
2017-10-12T17:30:00+00:00,0.06599999999999895,0.0
2017-10-12T17:35:00+00:00,0.06599999999999895,0.0
2017-10-12T17:40:00+00:00,0.05700000000000216,0.0
2017-10-12T17:45:00+00:00,0.04899999999999949,0.0
2017-10-12T17:50:00+00:00,0.04899999999999949,0.0
2017-10-12T17:55:00+00:00,0.03999999999999915,0.0
2017-10-12T18:00:00+00:00,0.030000000000001137,0.0
2017-10-12T18:05:00+00:00,0.030000000000001137,0.0
2017-10-12T18:10:00+00:00,0.023999999999997357,0.0
2017-10-12T18:15:00+00:00,0.01699999999999946,0.0
2017-10-12T18:20:00+00:00,0.017000000000003013,0.0
2017-10-12T18:25:00+00:00,0.012000000000000455,0.0
2017-10-12T18:30:00+00:00,0.005999999999996675,0.0
2017-10-12T18:35:00+00:00,0.006000000000000227,0.0
2017-10-12T18:40:00+00:00,0.005000000000002558,0.0
2017-10-12T18:45:00+00:00,0.0030000000000001137,0.0
2017-10-12T18:50:00+00:00,0.0030000000000001137,0.0
2017-10-12T18:55:00+00:00,0.0019999999999988916,0.0
2017-10-12T19:00:00+00:00,0.0,0.0
2017-10-12T19:05:00+00:00,0.0,0.0
2017-10-13T06:25:00+00:00,0.0,0.0
2017-10-13T06:30:00+00:00,0.002,0.0
2017-10-13T06:35:00+00:00,0.002,0.0
2017-10-13T06:40:00+00:00,0.002,0.0
2017-10-13T06:45:00+00:00,0.004,0.0
2017-10-13T06:50:00+00:00,0.004,0.0
2017-10-13T06:55:00+00:00,0.003999999999999998,0.0
2017-10-13T07:00:00+00:00,0.007000000000000003,0.0
2017-10-13T07:05:00+00:00,0.006999999999999999,0.0
2017-10-13T07:10:00+00:00,0.006999999999999999,0.0
2017-10-13T07:15:00+00:00,0.009000000000000001,0.0
2017-10-13T07:20:00+00:00,0.009000000000000001,0.0
2017-10-13T07:25:00+00:00,0.009000000000000001,0.0
2017-10-13T07:30:00+00:00,0.015,0.0
2017-10-13T07:35:00+00:00,0.015,0.0
2017-10-13T07:40:00+00:00,0.013999999999999999,0.0
2017-10-13T07:45:00+00:00,0.023000000000000007,0.0
2017-10-13T07:50:00+00:00,0.022999999999999993,0.0
2017-10-13T07:55:00+00:00,0.021999999999999992,0.0
2017-10-13T08:00:00+00:00,0.025999999999999995,0.0
2017-10-13T08:05:00+00:00,0.026000000000000023,0.0
2017-10-13T08:10:00+00:00,0.023999999999999994,0.0
2017-10-13T08:15:00+00:00,0.035999999999999976,0.0
2017-10-13T08:20:00+00:00,0.03600000000000003,0.0
2017-10-13T08:25:00+00:00,0.033999999999999975,0.0
2017-10-13T08:30:00+00:00,0.03700000000000003,0.0
2017-10-13T08:35:00+00:00,0.03699999999999998,0.0
2017-10-13T08:40:00+00:00,0.03699999999999998,0.0
2017-10-13T08:45:00+00:00,0.07000000000000006,0.0
2017-10-13T08:50:00+00:00,0.06999999999999995,0.0
2017-10-13T08:55:00+00:00,0.06600000000000006,0.0
2017-10-13T09:00:00+00:00,0.07199999999999995,0.0
2017-10-13T09:05:00+00:00,0.07199999999999995,0.0
2017-10-13T09:10:00+00:00,0.06900000000000006,0.0
2017-10-13T09:15:00+00:00,0.06499999999999995,0.0
2017-10-13T09:20:00+00:00,0.06500000000000006,0.0
2017-10-13T09:25:00+00:00,0.06099999999999994,0.0
2017-10-13T09:30:00+00:00,0.04899999999999993,0.0
2017-10-13T09:35:00+00:00,0.049000000000000155,0.0
2017-10-13T09:40:00+00:00,0.04699999999999993,0.0
2017-10-13T09:45:00+00:00,0.052999999999999936,0.0
2017-10-13T09:50:00+00:00,0.05300000000000016,0.0
2017-10-13T09:55:00+00:00,0.04999999999999982,0.0
2017-10-13T10:00:00+00:00,0.05800000000000005,0.0
2017-10-13T10:05:00+00:00,0.05800000000000005,0.0
2017-10-13T10:10:00+00:00,0.05600000000000005,0.0
2017-10-13T10:15:00+00:00,0.1419999999999999,0.0
2017-10-13T10:20:00+00:00,0.14200000000000013,0.0
2017-10-13T10:25:00+00:00,0.1359999999999999,0.0
2017-10-13T10:30:00+00:00,0.10200000000000009,0.0
2017-10-13T10:35:00+00:00,0.10299999999999976,0.0
2017-10-13T10:40:00+00:00,0.0990000000000002,0.0
2017-10-13T10:45:00+00:00,0.17300000000000004,0.0
2017-10-13T10:50:00+00:00,0.17399999999999993,0.0
2017-10-13T10:55:00+00:00,0.16699999999999982,0.0
2017-10-13T11:00:00+00:00,0.1860000000000004,0.0
2017-10-13T11:05:00+00:00,0.18699999999999983,0.0
2017-10-13T11:10:00+00:00,0.18100000000000005,0.0
2017-10-13T11:15:00+00:00,0.18100000000000005,0.0
2017-10-13T11:20:00+00:00,0.18299999999999983,0.0
2017-10-13T11:25:00+00:00,0.17700000000000005,0.0
2017-10-13T11:30:00+00:00,0.11900000000000022,0.0
2017-10-13T11:35:00+00:00,0.12099999999999955,0.0
2017-10-13T11:40:00+00:00,0.11699999999999999,0.0
2017-10-13T11:45:00+00:00,0.12600000000000033,0.0
2017-10-13T11:50:00+00:00,0.1280000000000001,0.0
2017-10-13T11:55:00+00:00,0.12599999999999945,0.0
2017-10-13T12:00:00+00:00,0.20500000000000007,0.0
2017-10-13T12:05:00+00:00,0.21200000000000063,0.0
2017-10-13T12:10:00+00:00,0.2079999999999993,0.0
2017-10-13T12:15:00+00:00,0.18100000000000005,0.0
2017-10-13T12:20:00+00:00,0.18700000000000028,0.0
2017-10-13T12:25:00+00:00,0.1849999999999996,0.0
2017-10-13T12:30:00+00:00,0.2060000000000004,0.0
2017-10-13T12:35:00+00:00,0.21300000000000008,0.0
2017-10-13T12:40:00+00:00,0.2110000000000003,0.0
2017-10-13T12:45:00+00:00,0.20699999999999985,0.0
2017-10-13T12:50:00+00:00,0.21399999999999952,0.0
2017-10-13T12:55:00+00:00,0.2140000000000004,0.0
2017-10-13T13:00:00+00:00,0.20599999999999952,0.0
2017-10-13T13:05:00+00:00,0.21500000000000075,0.0
2017-10-13T13:10:00+00:00,0.21499999999999986,0.0
2017-10-13T13:15:00+00:00,0.20599999999999952,0.0
2017-10-13T13:20:00+00:00,0.21500000000000075,0.0
2017-10-13T13:25:00+00:00,0.21499999999999986,0.0
2017-10-13T13:30:00+00:00,0.20599999999999952,0.0
2017-10-13T13:35:00+00:00,0.21499999999999986,0.0
2017-10-13T13:40:00+00:00,0.21499999999999986,0.0
2017-10-13T13:45:00+00:00,0.20500000000000007,0.0
2017-10-13T13:50:00+00:00,0.21499999999999986,0.0
2017-10-13T13:55:00+00:00,0.21499999999999986,0.0
2017-10-13T14:00:00+00:00,0.20400000000000063,0.0
2017-10-13T14:05:00+00:00,0.2140000000000004,0.0
2017-10-13T14:10:00+00:00,0.2140000000000004,0.0
2017-10-13T14:15:00+00:00,0.20099999999999874,0.0
2017-10-13T14:20:00+00:00,0.21199999999999974,0.0
2017-10-13T14:25:00+00:00,0.21200000000000152,0.0
2017-10-13T14:30:00+00:00,0.19799999999999862,0.0
2017-10-13T14:35:00+00:00,0.20700000000000074,0.0
2017-10-13T14:40:00+00:00,0.20699999999999896,0.0
2017-10-13T14:45:00+00:00,0.19200000000000017,0.0
2017-10-13T14:50:00+00:00,0.2010000000000005,0.0
2017-10-13T14:55:00+00:00,0.2010000000000005,0.0
2017-10-13T15:00:00+00:00,0.18599999999999994,0.0
2017-10-13T15:05:00+00:00,0.19500000000000028,0.0
2017-10-13T15:10:00+00:00,0.1949999999999985,0.0
2017-10-13T15:15:00+00:00,0.1800000000000015,0.0
2017-10-13T15:20:00+00:00,0.1869999999999994,0.0
2017-10-13T15:25:00+00:00,0.1869999999999994,0.0
2017-10-13T15:30:00+00:00,0.17300000000000004,0.0
2017-10-13T15:35:00+00:00,0.18100000000000094,0.0
2017-10-13T15:40:00+00:00,0.18099999999999916,0.0
2017-10-13T15:45:00+00:00,0.1639999999999997,0.0
2017-10-13T15:50:00+00:00,0.1720000000000006,0.0
2017-10-13T15:55:00+00:00,0.1720000000000006,0.0
2017-10-13T16:00:00+00:00,0.15499999999999936,0.0
2017-10-13T16:05:00+00:00,0.1620000000000008,0.0
2017-10-13T16:10:00+00:00,0.16199999999999903,0.0
2017-10-13T16:15:00+00:00,0.14400000000000013,0.0
2017-10-13T16:20:00+00:00,0.15000000000000036,0.0
2017-10-13T16:25:00+00:00,0.15000000000000036,0.0
2017-10-13T16:30:00+00:00,0.129999999999999,0.0
2017-10-13T16:35:00+00:00,0.1349999999999998,0.0
2017-10-13T16:40:00+00:00,0.13500000000000156,0.0
2017-10-13T16:45:00+00:00,0.11499999999999844,0.0
2017-10-13T16:50:00+00:00,0.11900000000000155,0.0
2017-10-13T16:55:00+00:00,0.11899999999999977,0.0
2017-10-13T17:00:00+00:00,0.08999999999999986,0.0
2017-10-13T17:05:00+00:00,0.09199999999999875,0.0
2017-10-13T17:10:00+00:00,0.0920000000000023,0.0
2017-10-13T17:15:00+00:00,0.06700000000000017,0.0
2017-10-13T17:20:00+00:00,0.06799999999999784,0.0
2017-10-13T17:25:00+00:00,0.06800000000000139,0.0
2017-10-13T17:30:00+00:00,0.05799999999999983,0.0
2017-10-13T17:35:00+00:00,0.05999999999999872,0.0
2017-10-13T17:40:00+00:00,0.060000000000002274,0.0
2017-10-13T17:45:00+00:00,0.04299999999999926,0.0
2017-10-13T17:50:00+00:00,0.04299999999999926,0.0
2017-10-13T17:55:00+00:00,0.04299999999999926,0.0
2017-10-13T18:00:00+00:00,0.028000000000002245,0.0
2017-10-13T18:05:00+00:00,0.02699999999999747,0.0
2017-10-13T18:10:00+00:00,0.027000000000001023,0.0
2017-10-13T18:15:00+00:00,0.015000000000000568,0.0
2017-10-13T18:20:00+00:00,0.013999999999999346,0.0
2017-10-13T18:25:00+00:00,0.013999999999999346,0.0
2017-10-13T18:30:00+00:00,0.0070000000000014495,0.0
2017-10-13T18:35:00+00:00,0.006000000000000227,0.0
2017-10-13T18:40:00+00:00,0.006000000000000227,0.0
2017-10-13T18:45:00+00:00,0.0030000000000001137,0.0
2017-10-13T18:50:00+00:00,0.0030000000000001137,0.0
2017-10-13T18:55:00+00:00,0.0030000000000001137,0.0
2017-10-13T19:00:00+00:00,0.0,0.0
2017-10-13T19:05:00+00:00,0.0,0.0
2017-10-13T19:10:00+00:00,0.0,0.0
2017-10-14T06:35:00+00:00,0.0,0.0
2017-10-14T06:40:00+00:00,0.0,0.0
2017-10-14T06:45:00+00:00,0.001,0.0
2017-10-14T06:50:00+00:00,0.002,0.0
2017-10-14T06:55:00+00:00,0.002,0.0
2017-10-14T07:00:00+00:00,0.003,0.0
2017-10-14T07:05:00+00:00,0.004,0.0
2017-10-14T07:10:00+00:00,0.004,0.0
2017-10-14T07:15:00+00:00,0.005999999999999998,0.0
2017-10-14T07:20:00+00:00,0.008,0.0
2017-10-14T07:25:00+00:00,0.008,0.0
2017-10-14T07:30:00+00:00,0.006999999999999999,0.0
2017-10-14T07:35:00+00:00,0.006999999999999999,0.0
2017-10-14T07:40:00+00:00,0.006999999999999999,0.0
2017-10-14T07:45:00+00:00,0.010000000000000009,0.0
2017-10-14T07:50:00+00:00,0.012999999999999998,0.0
2017-10-14T07:55:00+00:00,0.012999999999999998,0.0
2017-10-14T08:00:00+00:00,0.013999999999999999,0.0
2017-10-14T08:05:00+00:00,0.016,0.0
2017-10-14T08:10:00+00:00,0.015999999999999986,0.0
2017-10-14T08:15:00+00:00,0.02200000000000002,0.0
2017-10-14T08:20:00+00:00,0.028999999999999998,0.0
2017-10-14T08:25:00+00:00,0.028999999999999998,0.0
2017-10-14T08:30:00+00:00,0.027999999999999997,0.0
2017-10-14T08:35:00+00:00,0.031000000000000028,0.0
2017-10-14T08:40:00+00:00,0.030999999999999972,0.0
2017-10-14T08:45:00+00:00,0.02300000000000002,0.0
2017-10-14T08:50:00+00:00,0.019999999999999962,0.0
2017-10-14T08:55:00+00:00,0.020000000000000018,0.0
2017-10-14T09:00:00+00:00,0.014000000000000012,0.0
2017-10-14T09:05:00+00:00,0.01100000000000001,0.0
2017-10-14T09:10:00+00:00,0.010999999999999954,0.0
2017-10-14T09:15:00+00:00,0.010000000000000009,0.0
2017-10-14T09:20:00+00:00,0.01200000000000001,0.0
2017-10-14T09:25:00+00:00,0.01200000000000001,0.0
2017-10-14T09:30:00+00:00,0.01200000000000001,0.0
2017-10-14T09:35:00+00:00,0.01200000000000001,0.0
2017-10-14T09:40:00+00:00,0.011999999999999955,0.0
2017-10-14T09:45:00+00:00,0.01200000000000001,0.0
2017-10-14T09:50:00+00:00,0.01200000000000001,0.0
2017-10-14T09:55:00+00:00,0.01200000000000001,0.0
2017-10-14T10:00:00+00:00,0.013000000000000012,0.0
2017-10-14T10:05:00+00:00,0.015000000000000013,0.0
2017-10-14T10:10:00+00:00,0.015000000000000013,0.0
2017-10-14T10:15:00+00:00,0.015999999999999903,0.0
2017-10-14T10:20:00+00:00,0.018000000000000016,0.0
2017-10-14T10:25:00+00:00,0.018000000000000016,0.0
2017-10-14T10:30:00+00:00,0.018000000000000016,0.0
2017-10-14T10:35:00+00:00,0.019000000000000017,0.0
2017-10-14T10:40:00+00:00,0.019000000000000017,0.0
2017-10-14T10:45:00+00:00,0.02299999999999991,0.0
2017-10-14T10:50:00+00:00,0.031000000000000028,0.0
2017-10-14T10:55:00+00:00,0.031000000000000028,0.0
2017-10-14T11:00:00+00:00,0.031000000000000028,0.0
2017-10-14T11:05:00+00:00,0.03599999999999992,0.0
2017-10-14T11:10:00+00:00,0.03600000000000003,0.0
2017-10-14T11:15:00+00:00,0.030000000000000027,0.0
2017-10-14T11:20:00+00:00,0.028000000000000025,0.0
2017-10-14T11:25:00+00:00,0.027999999999999914,0.0
2017-10-14T11:30:00+00:00,0.025000000000000022,0.0
2017-10-14T11:35:00+00:00,0.027000000000000024,0.0
2017-10-14T11:40:00+00:00,0.027000000000000024,0.0
2017-10-14T11:45:00+00:00,0.04499999999999993,0.0
2017-10-14T11:50:00+00:00,0.06600000000000006,0.0
2017-10-14T11:55:00+00:00,0.06600000000000006,0.0
2017-10-14T12:00:00+00:00,0.06899999999999995,0.0
2017-10-14T12:05:00+00:00,0.07800000000000007,0.0
2017-10-14T12:10:00+00:00,0.07799999999999985,0.0
2017-10-14T12:15:00+00:00,0.05500000000000016,0.0
2017-10-14T12:20:00+00:00,0.03799999999999981,0.0
2017-10-14T12:25:00+00:00,0.038000000000000034,0.0
2017-10-14T12:30:00+00:00,0.03100000000000014,0.0
2017-10-14T12:35:00+00:00,0.028999999999999915,0.0
2017-10-14T12:40:00+00:00,0.028999999999999915,0.0
2017-10-14T12:45:00+00:00,0.028000000000000025,0.0
2017-10-14T12:50:00+00:00,0.03200000000000003,0.0
2017-10-14T12:55:00+00:00,0.03200000000000003,0.0
2017-10-14T13:00:00+00:00,0.03200000000000003,0.0
2017-10-14T13:05:00+00:00,0.03600000000000003,0.0
2017-10-14T13:10:00+00:00,0.03600000000000003,0.0
2017-10-14T13:15:00+00:00,0.030000000000000027,0.0
2017-10-14T13:20:00+00:00,0.027999999999999803,0.0
2017-10-14T13:25:00+00:00,0.028000000000000025,0.0
2017-10-14T13:30:00+00:00,0.025000000000000133,0.0
2017-10-14T13:35:00+00:00,0.02499999999999991,0.0
2017-10-14T13:40:00+00:00,0.025000000000000133,0.0
2017-10-14T13:45:00+00:00,0.022999999999999687,0.0
2017-10-14T13:50:00+00:00,0.02400000000000002,0.0
2017-10-14T13:55:00+00:00,0.02400000000000002,0.0
2017-10-14T14:00:00+00:00,0.02100000000000035,0.0
2017-10-14T14:05:00+00:00,0.021999999999999797,0.0
2017-10-14T14:10:00+00:00,0.021999999999999797,0.0
2017-10-14T14:15:00+00:00,0.02100000000000035,0.0
2017-10-14T14:20:00+00:00,0.021999999999999797,0.0
2017-10-14T14:25:00+00:00,0.02200000000000024,0.0
2017-10-14T14:30:00+00:00,0.018999999999999684,0.0
2017-10-14T14:35:00+00:00,0.018000000000000238,0.0
2017-10-14T14:40:00+00:00,0.017999999999999794,0.0
2017-10-14T14:45:00+00:00,0.016999999999999904,0.0
2017-10-14T14:50:00+00:00,0.017000000000000348,0.0
2017-10-14T14:55:00+00:00,0.016999999999999904,0.0
2017-10-14T15:00:00+00:00,0.016999999999999904,0.0
2017-10-14T15:05:00+00:00,0.019000000000000128,0.0
2017-10-14T15:10:00+00:00,0.019000000000000128,0.0
2017-10-14T15:15:00+00:00,0.019999999999999574,0.0
2017-10-14T15:20:00+00:00,0.025000000000000355,0.0
2017-10-14T15:25:00+00:00,0.02499999999999991,0.0
2017-10-14T15:30:00+00:00,0.020999999999999908,0.0
2017-10-14T15:35:00+00:00,0.019000000000000128,0.0
2017-10-14T15:40:00+00:00,0.019000000000000128,0.0
2017-10-14T15:45:00+00:00,0.018999999999999684,0.0
2017-10-14T15:50:00+00:00,0.02300000000000013,0.0
2017-10-14T15:55:00+00:00,0.02300000000000013,0.0
2017-10-14T16:00:00+00:00,0.020999999999999908,0.0
2017-10-14T16:05:00+00:00,0.020999999999999908,0.0
2017-10-14T16:10:00+00:00,0.020999999999999908,0.0
2017-10-14T16:15:00+00:00,0.016999999999999904,0.0
2017-10-14T16:20:00+00:00,0.01200000000000001,0.0
2017-10-14T16:25:00+00:00,0.01200000000000001,0.0
2017-10-14T16:30:00+00:00,0.01100000000000012,0.0
2017-10-14T16:35:00+00:00,0.01100000000000012,0.0
2017-10-14T16:40:00+00:00,0.01100000000000012,0.0
2017-10-14T16:45:00+00:00,0.010999999999999677,0.0
2017-10-14T16:50:00+00:00,0.01200000000000001,0.0
2017-10-14T16:55:00+00:00,0.01200000000000001,0.0
2017-10-14T17:00:00+00:00,0.01200000000000001,0.0
2017-10-14T17:05:00+00:00,0.014000000000000234,0.0
2017-10-14T17:10:00+00:00,0.01399999999999979,0.0
2017-10-14T17:15:00+00:00,0.01200000000000001,0.0
2017-10-14T17:20:00+00:00,0.010000000000000231,0.0
2017-10-14T17:25:00+00:00,0.009999999999999787,0.0
2017-10-14T17:30:00+00:00,0.008000000000000007,0.0
2017-10-14T17:35:00+00:00,0.007000000000000117,0.0
2017-10-14T17:40:00+00:00,0.007000000000000117,0.0
2017-10-14T17:45:00+00:00,0.005999999999999783,0.0
2017-10-14T17:50:00+00:00,0.004999999999999893,0.0
2017-10-14T17:55:00+00:00,0.0050000000000003375,0.0
2017-10-14T18:00:00+00:00,0.0040000000000000036,0.0
2017-10-14T18:05:00+00:00,0.0029999999999996696,0.0
2017-10-14T18:10:00+00:00,0.0030000000000001137,0.0
2017-10-14T18:15:00+00:00,0.002000000000000224,0.0
2017-10-14T18:20:00+00:00,0.0019999999999997797,0.0
2017-10-14T18:25:00+00:00,0.002000000000000224,0.0
2017-10-14T18:30:00+00:00,0.0009999999999998899,0.0
2017-10-14T18:35:00+00:00,0.0,0.0
2017-10-14T18:40:00+00:00,0.0,0.0
2017-10-15T06:30:00+00:00,0.0,0.0
2017-10-15T06:35:00+00:00,0.002,0.0
2017-10-15T06:40:00+00:00,0.003,0.0
2017-10-15T06:45:00+00:00,0.003,0.0
2017-10-15T06:50:00+00:00,0.002999999999999999,0.0
2017-10-15T06:55:00+00:00,0.003000000000000001,0.0
2017-10-15T07:00:00+00:00,0.003999999999999998,0.0
2017-10-15T07:05:00+00:00,0.012,0.0
2017-10-15T07:10:00+00:00,0.012000000000000004,0.0
2017-10-15T07:15:00+00:00,0.010999999999999996,0.0
2017-10-15T07:20:00+00:00,0.014000000000000005,0.0
2017-10-15T07:25:00+00:00,0.013999999999999999,0.0
2017-10-15T07:30:00+00:00,0.013999999999999999,0.0
2017-10-15T07:35:00+00:00,0.021000000000000005,0.0
2017-10-15T07:40:00+00:00,0.021000000000000005,0.0
2017-10-15T07:45:00+00:00,0.01999999999999999,0.0
2017-10-15T07:50:00+00:00,0.031,0.0
2017-10-15T07:55:00+00:00,0.031,0.0
2017-10-15T08:00:00+00:00,0.03,0.0
2017-10-15T08:05:00+00:00,0.03699999999999998,0.0
2017-10-15T08:10:00+00:00,0.03700000000000003,0.0
2017-10-15T08:15:00+00:00,0.034999999999999976,0.0
2017-10-15T08:20:00+00:00,0.03700000000000003,0.0
2017-10-15T08:25:00+00:00,0.03699999999999998,0.0
2017-10-15T08:30:00+00:00,0.03500000000000003,0.0
2017-10-15T08:35:00+00:00,0.05399999999999999,0.0
2017-10-15T08:40:00+00:00,0.05399999999999994,0.0
2017-10-15T08:45:00+00:00,0.052000000000000046,0.0
2017-10-15T08:50:00+00:00,0.06999999999999995,0.0
2017-10-15T08:55:00+00:00,0.07000000000000006,0.0
2017-10-15T09:00:00+00:00,0.06799999999999995,0.0
2017-10-15T09:05:00+00:00,0.09400000000000008,0.0
2017-10-15T09:10:00+00:00,0.09399999999999986,0.0
2017-10-15T09:15:00+00:00,0.08900000000000019,0.0
2017-10-15T09:20:00+00:00,0.07999999999999985,0.0
2017-10-15T09:25:00+00:00,0.08000000000000007,0.0
2017-10-15T09:30:00+00:00,0.07600000000000007,0.0
2017-10-15T09:35:00+00:00,0.08599999999999985,0.0
2017-10-15T09:40:00+00:00,0.08600000000000008,0.0
2017-10-15T09:45:00+00:00,0.08299999999999996,0.0
2017-10-15T09:50:00+00:00,0.1060000000000001,0.0
2017-10-15T09:55:00+00:00,0.10599999999999987,0.0
2017-10-15T10:00:00+00:00,0.10099999999999998,0.0
2017-10-15T10:05:00+00:00,0.08999999999999986,0.0
2017-10-15T10:10:00+00:00,0.0900000000000003,0.0
2017-10-15T10:15:00+00:00,0.08499999999999996,0.0
2017-10-15T10:20:00+00:00,0.05900000000000016,0.0
2017-10-15T10:25:00+00:00,0.05899999999999972,0.0
2017-10-15T10:30:00+00:00,0.05699999999999994,0.0
2017-10-15T10:35:00+00:00,0.08700000000000019,0.0
2017-10-15T10:40:00+00:00,0.08699999999999974,0.0
2017-10-15T10:45:00+00:00,0.08300000000000018,0.0
2017-10-15T10:50:00+00:00,0.06300000000000017,0.0
2017-10-15T10:55:00+00:00,0.06299999999999972,0.0
2017-10-15T11:00:00+00:00,0.06000000000000005,0.0
2017-10-15T11:05:00+00:00,0.07100000000000017,0.0
2017-10-15T11:10:00+00:00,0.07099999999999973,0.0
2017-10-15T11:15:00+00:00,0.06800000000000006,0.0
2017-10-15T11:20:00+00:00,0.07800000000000029,0.0
2017-10-15T11:25:00+00:00,0.07799999999999985,0.0
2017-10-15T11:30:00+00:00,0.07500000000000018,0.0
2017-10-15T11:35:00+00:00,0.06999999999999984,0.0
2017-10-15T11:40:00+00:00,0.06999999999999984,0.0
2017-10-15T11:45:00+00:00,0.06700000000000017,0.0
2017-10-15T11:50:00+00:00,0.06299999999999972,0.0
2017-10-15T11:55:00+00:00,0.06300000000000017,0.0
2017-10-15T12:00:00+00:00,0.06099999999999994,0.0
2017-10-15T12:05:00+00:00,0.07400000000000029,0.0
2017-10-15T12:10:00+00:00,0.07499999999999973,0.0
2017-10-15T12:15:00+00:00,0.07299999999999995,0.0
2017-10-15T12:20:00+00:00,0.10200000000000031,0.0
2017-10-15T12:25:00+00:00,0.10400000000000009,0.0
2017-10-15T12:30:00+00:00,0.10099999999999998,0.0
2017-10-15T12:35:00+00:00,0.09399999999999942,0.0
2017-10-15T12:40:00+00:00,0.09500000000000064,0.0
2017-10-15T12:45:00+00:00,0.09299999999999997,0.0
2017-10-15T12:50:00+00:00,0.05799999999999983,0.0
2017-10-15T12:55:00+00:00,0.05999999999999961,0.0
2017-10-15T13:00:00+00:00,0.05900000000000016,0.0
2017-10-15T13:05:00+00:00,0.06500000000000039,0.0
2017-10-15T13:10:00+00:00,0.06699999999999928,0.0
2017-10-15T13:15:00+00:00,0.06600000000000072,0.0
2017-10-15T13:20:00+00:00,0.09799999999999986,0.0
2017-10-15T13:25:00+00:00,0.10099999999999998,0.0
2017-10-15T13:30:00+00:00,0.09999999999999964,0.0
2017-10-15T13:35:00+00:00,0.0600000000000005,0.0
2017-10-15T13:40:00+00:00,0.06299999999999972,0.0
2017-10-15T13:45:00+00:00,0.06200000000000028,0.0
2017-10-15T13:50:00+00:00,0.05399999999999938,0.0
2017-10-15T13:55:00+00:00,0.05600000000000005,0.0
2017-10-15T14:00:00+00:00,0.05600000000000005,0.0
2017-10-15T14:05:00+00:00,0.04900000000000038,0.0
2017-10-15T14:10:00+00:00,0.051000000000000156,0.0
2017-10-15T14:15:00+00:00,0.051000000000000156,0.0
2017-10-15T14:20:00+00:00,0.047999999999999154,0.0
2017-10-15T14:25:00+00:00,0.051000000000000156,0.0
2017-10-15T14:30:00+00:00,0.051000000000000156,0.0
2017-10-15T14:35:00+00:00,0.04800000000000004,0.0
2017-10-15T14:40:00+00:00,0.051000000000000156,0.0
2017-10-15T14:45:00+00:00,0.051000000000000156,0.0
2017-10-15T14:50:00+00:00,0.04999999999999982,0.0
2017-10-15T14:55:00+00:00,0.052999999999999936,0.0
2017-10-15T15:00:00+00:00,0.052999999999999936,0.0
2017-10-15T15:05:00+00:00,0.040000000000000036,0.0
2017-10-15T15:10:00+00:00,0.041999999999999815,0.0
2017-10-15T15:15:00+00:00,0.041999999999999815,0.0
2017-10-15T15:20:00+00:00,0.03300000000000036,0.0
2017-10-15T15:25:00+00:00,0.03599999999999959,0.0
2017-10-15T15:30:00+00:00,0.036000000000000476,0.0
2017-10-15T15:35:00+00:00,0.03200000000000003,0.0
2017-10-15T15:40:00+00:00,0.03399999999999981,0.0
2017-10-15T15:45:00+00:00,0.03399999999999981,0.0
2017-10-15T15:50:00+00:00,0.03500000000000014,0.0
2017-10-15T15:55:00+00:00,0.03699999999999992,0.0
2017-10-15T16:00:00+00:00,0.03699999999999992,0.0
2017-10-15T16:05:00+00:00,0.03300000000000036,0.0
2017-10-15T16:10:00+00:00,0.03599999999999959,0.0
2017-10-15T16:15:00+00:00,0.036000000000000476,0.0
2017-10-15T16:20:00+00:00,0.024999999999999467,0.0
2017-10-15T16:25:00+00:00,0.02600000000000069,0.0
2017-10-15T16:30:00+00:00,0.0259999999999998,0.0
2017-10-15T16:35:00+00:00,0.028999999999999915,0.0
2017-10-15T16:40:00+00:00,0.030999999999999694,0.0
2017-10-15T16:45:00+00:00,0.031000000000000583,0.0
2017-10-15T16:50:00+00:00,0.019000000000000128,0.0
2017-10-15T16:55:00+00:00,0.019999999999999574,0.0
2017-10-15T17:00:00+00:00,0.020000000000000462,0.0
2017-10-15T17:05:00+00:00,0.01899999999999924,0.0
2017-10-15T17:10:00+00:00,0.020000000000000462,0.0
2017-10-15T17:15:00+00:00,0.019999999999999574,0.0
2017-10-15T17:20:00+00:00,0.015000000000000568,0.0
2017-10-15T17:25:00+00:00,0.01499999999999968,0.0
2017-10-15T17:30:00+00:00,0.01499999999999968,0.0
2017-10-15T17:35:00+00:00,0.012000000000000455,0.0
2017-10-15T17:40:00+00:00,0.011999999999999567,0.0
2017-10-15T17:45:00+00:00,0.012000000000000455,0.0
2017-10-15T17:50:00+00:00,0.009000000000000341,0.0
2017-10-15T17:55:00+00:00,0.008999999999999453,0.0
2017-10-15T18:00:00+00:00,0.009000000000000341,0.0
2017-10-15T18:05:00+00:00,0.005999999999999339,0.0
2017-10-15T18:10:00+00:00,0.006000000000000227,0.0
2017-10-15T18:15:00+00:00,0.006000000000000227,0.0
2017-10-15T18:20:00+00:00,0.006000000000000227,0.0
2017-10-15T18:25:00+00:00,0.005999999999999339,0.0
2017-10-15T18:30:00+00:00,0.006000000000000227,0.0
2017-10-15T18:35:00+00:00,0.0030000000000001137,0.0
2017-10-15T18:40:00+00:00,0.0030000000000001137,0.0
2017-10-15T18:45:00+00:00,0.0030000000000001137,0.0
2017-10-15T18:50:00+00:00,0.0009999999999994458,0.0
2017-10-15T18:55:00+00:00,0.001000000000000334,0.0
2017-10-15T19:00:00+00:00,0.001000000000000334,0.0
2017-10-16T06:20:00+00:00,0.001,0.0
2017-10-16T06:25:00+00:00,0.002,0.0
2017-10-16T06:30:00+00:00,0.002,0.0
2017-10-16T06:35:00+00:00,0.002,0.0
2017-10-16T06:40:00+00:00,0.001999999999999999,0.0
2017-10-16T06:45:00+00:00,0.002,0.0
2017-10-16T06:50:00+00:00,0.004,0.0
2017-10-16T06:55:00+00:00,0.006000000000000002,0.0
2017-10-16T07:00:00+00:00,0.005999999999999998,0.0
2017-10-16T07:05:00+00:00,0.007000000000000003,0.0
2017-10-16T07:10:00+00:00,0.008,0.0
2017-10-16T07:15:00+00:00,0.008,0.0
2017-10-16T07:20:00+00:00,0.008,0.0
2017-10-16T07:25:00+00:00,0.009000000000000001,0.0
2017-10-16T07:30:00+00:00,0.008999999999999994,0.0
2017-10-16T07:35:00+00:00,0.009999999999999995,0.0
2017-10-16T07:40:00+00:00,0.01200000000000001,0.0
2017-10-16T07:45:00+00:00,0.011999999999999997,0.0
2017-10-16T07:50:00+00:00,0.015,0.0
2017-10-16T07:55:00+00:00,0.017999999999999988,0.0
2017-10-16T08:00:00+00:00,0.018000000000000016,0.0
2017-10-16T08:05:00+00:00,0.023999999999999994,0.0
2017-10-16T08:10:00+00:00,0.031,0.0
2017-10-16T08:15:00+00:00,0.031,0.0
2017-10-16T08:20:00+00:00,0.03999999999999998,0.0
2017-10-16T08:25:00+00:00,0.050000000000000044,0.0
2017-10-16T08:30:00+00:00,0.04999999999999999,0.0
2017-10-16T08:35:00+00:00,0.059,0.0
2017-10-16T08:40:00+00:00,0.07100000000000001,0.0
2017-10-16T08:45:00+00:00,0.07099999999999995,0.0
2017-10-16T08:50:00+00:00,0.07400000000000007,0.0
2017-10-16T08:55:00+00:00,0.08299999999999996,0.0
2017-10-16T09:00:00+00:00,0.08299999999999996,0.0
2017-10-16T09:05:00+00:00,0.06600000000000006,0.0
2017-10-16T09:10:00+00:00,0.05999999999999994,0.0
2017-10-16T09:15:00+00:00,0.06000000000000005,0.0
2017-10-16T09:20:00+00:00,0.06899999999999995,0.0
2017-10-16T09:25:00+00:00,0.08000000000000007,0.0
2017-10-16T09:30:00+00:00,0.08000000000000007,0.0
2017-10-16T09:35:00+00:00,0.05999999999999983,0.0
2017-10-16T09:40:00+00:00,0.050000000000000044,0.0
2017-10-16T09:45:00+00:00,0.050000000000000044,0.0
2017-10-16T09:50:00+00:00,0.04600000000000004,0.0
2017-10-16T09:55:00+00:00,0.04699999999999993,0.0
2017-10-16T10:00:00+00:00,0.04699999999999993,0.0
2017-10-16T10:05:00+00:00,0.05500000000000016,0.0
2017-10-16T10:10:00+00:00,0.06499999999999995,0.0
2017-10-16T10:15:00+00:00,0.06499999999999995,0.0
2017-10-16T10:20:00+00:00,0.07299999999999995,0.0
2017-10-16T10:25:00+00:00,0.08499999999999996,0.0
2017-10-16T10:30:00+00:00,0.08500000000000019,0.0
2017-10-16T10:35:00+00:00,0.08800000000000008,0.0
2017-10-16T10:40:00+00:00,0.09699999999999998,0.0
2017-10-16T10:45:00+00:00,0.09699999999999998,0.0
2017-10-16T10:50:00+00:00,0.10400000000000009,0.0
2017-10-16T10:55:00+00:00,0.11999999999999966,0.0
2017-10-16T11:00:00+00:00,0.1200000000000001,0.0
2017-10-16T11:05:00+00:00,0.10599999999999987,0.0
2017-10-16T11:10:00+00:00,0.1030000000000002,0.0
2017-10-16T11:15:00+00:00,0.10299999999999976,0.0
2017-10-16T11:20:00+00:00,0.10899999999999999,0.0
2017-10-16T11:25:00+00:00,0.12300000000000022,0.0
2017-10-16T11:30:00+00:00,0.12299999999999978,0.0
2017-10-16T11:35:00+00:00,0.11900000000000022,0.0
2017-10-16T11:40:00+00:00,0.125,0.0
2017-10-16T11:45:00+00:00,0.125,0.0
2017-10-16T11:50:00+00:00,0.1259999999999999,0.0
2017-10-16T11:55:00+00:00,0.1379999999999999,0.0
2017-10-16T12:00:00+00:00,0.13800000000000034,0.0
2017-10-16T12:05:00+00:00,0.1200000000000001,0.0
2017-10-16T12:10:00+00:00,0.11499999999999932,0.0
2017-10-16T12:15:00+00:00,0.11500000000000021,0.0
2017-10-16T12:20:00+00:00,0.13400000000000034,0.0
2017-10-16T12:25:00+00:00,0.16800000000000015,0.0
2017-10-16T12:30:00+00:00,0.16800000000000015,0.0
2017-10-16T12:35:00+00:00,0.13399999999999945,0.0
2017-10-16T12:40:00+00:00,0.11300000000000043,0.0
2017-10-16T12:45:00+00:00,0.11299999999999955,0.0
2017-10-16T12:50:00+00:00,0.09700000000000042,0.0
2017-10-16T12:55:00+00:00,0.09899999999999931,0.0
2017-10-16T13:00:00+00:00,0.0990000000000002,0.0
2017-10-16T13:05:00+00:00,0.0990000000000002,0.0
2017-10-16T13:10:00+00:00,0.0990000000000002,0.0
2017-10-16T13:15:00+00:00,0.0990000000000002,0.0
2017-10-16T13:20:00+00:00,0.09699999999999953,0.0
2017-10-16T13:25:00+00:00,0.10500000000000043,0.0
2017-10-16T13:30:00+00:00,0.10499999999999954,0.0
2017-10-16T13:35:00+00:00,0.13100000000000023,0.0
2017-10-16T13:40:00+00:00,0.16999999999999993,0.0
2017-10-16T13:45:00+00:00,0.16999999999999993,0.0
2017-10-16T13:50:00+00:00,0.17300000000000004,0.0
2017-10-16T13:55:00+00:00,0.19500000000000028,0.0
2017-10-16T14:00:00+00:00,0.1949999999999994,0.0
2017-10-16T14:05:00+00:00,0.1850000000000005,0.0
2017-10-16T14:10:00+00:00,0.19099999999999984,0.0
2017-10-16T14:15:00+00:00,0.19099999999999984,0.0
2017-10-16T14:20:00+00:00,0.1930000000000005,0.0
2017-10-16T14:25:00+00:00,0.2160000000000002,0.0
2017-10-16T14:30:00+00:00,0.2159999999999993,0.0
2017-10-16T14:35:00+00:00,0.19400000000000084,0.0
2017-10-16T14:40:00+00:00,0.19099999999999895,0.0
2017-10-16T14:45:00+00:00,0.19100000000000072,0.0
2017-10-16T14:50:00+00:00,0.18900000000000006,0.0
2017-10-16T14:55:00+00:00,0.20699999999999896,0.0
2017-10-16T15:00:00+00:00,0.20700000000000074,0.0
2017-10-16T15:05:00+00:00,0.1899999999999995,0.0
2017-10-16T15:10:00+00:00,0.1899999999999995,0.0
2017-10-16T15:15:00+00:00,0.19000000000000128,0.0
2017-10-16T15:20:00+00:00,0.17900000000000027,0.0
2017-10-16T15:25:00+00:00,0.18599999999999994,0.0
2017-10-16T15:30:00+00:00,0.18599999999999994,0.0
2017-10-16T15:35:00+00:00,0.17499999999999893,0.0
2017-10-16T15:40:00+00:00,0.18200000000000038,0.0
2017-10-16T15:45:00+00:00,0.18200000000000038,0.0
2017-10-16T15:50:00+00:00,0.17300000000000004,0.0
2017-10-16T15:55:00+00:00,0.17900000000000027,0.0
2017-10-16T16:00:00+00:00,0.17900000000000027,0.0
2017-10-16T16:05:00+00:00,0.16799999999999926,0.0
2017-10-16T16:10:00+00:00,0.17300000000000004,0.0
2017-10-16T16:15:00+00:00,0.17300000000000004,0.0
2017-10-16T16:20:00+00:00,0.13100000000000023,0.0
2017-10-16T16:25:00+00:00,0.08999999999999986,0.0
2017-10-16T16:30:00+00:00,0.08999999999999986,0.0
2017-10-16T16:35:00+00:00,0.06799999999999962,0.0
2017-10-16T16:40:00+00:00,0.057000000000000384,0.0
2017-10-16T16:45:00+00:00,0.057000000000000384,0.0
2017-10-16T16:50:00+00:00,0.05699999999999861,0.0
2017-10-16T16:55:00+00:00,0.057000000000000384,0.0
2017-10-16T17:00:00+00:00,0.057000000000000384,0.0
2017-10-16T17:05:00+00:00,0.0389999999999997,0.0
2017-10-16T17:10:00+00:00,0.019000000000000128,0.0
2017-10-16T17:15:00+00:00,0.019000000000000128,0.0
2017-10-16T17:20:00+00:00,0.0259999999999998,0.0
2017-10-16T17:25:00+00:00,0.040000000000000924,0.0
2017-10-16T17:30:00+00:00,0.03999999999999915,0.0
2017-10-16T17:35:00+00:00,0.041999999999999815,0.0
2017-10-16T17:40:00+00:00,0.051000000000000156,0.0
2017-10-16T17:45:00+00:00,0.051000000000000156,0.0
2017-10-16T17:50:00+00:00,0.038000000000000256,0.0
2017-10-16T17:55:00+00:00,0.022999999999999687,0.0
2017-10-16T18:00:00+00:00,0.022999999999999687,0.0
2017-10-16T18:05:00+00:00,0.02000000000000135,0.0
2017-10-16T18:10:00+00:00,0.017999999999998906,0.0
2017-10-16T18:15:00+00:00,0.018000000000000682,0.0
2017-10-16T18:20:00+00:00,0.013999999999999346,0.0
2017-10-16T18:25:00+00:00,0.009000000000000341,0.0
2017-10-16T18:30:00+00:00,0.009000000000000341,0.0
2017-10-16T18:35:00+00:00,0.006999999999999673,0.0
2017-10-16T18:40:00+00:00,0.004999999999999005,0.0
2017-10-16T18:45:00+00:00,0.005000000000000782,0.0
2017-10-16T18:50:00+00:00,0.0030000000000001137,0.0
2017-10-16T18:55:00+00:00,0.002000000000000668,0.0
2017-10-16T19:00:00+00:00,0.0019999999999988916,0.0
2017-10-17T06:20:00+00:00,0.0,0.0
2017-10-17T06:25:00+00:00,0.003,0.0
2017-10-17T06:30:00+00:00,0.003,0.0
2017-10-17T06:35:00+00:00,0.002999999999999999,0.0
2017-10-17T06:40:00+00:00,0.003000000000000001,0.0
2017-10-17T06:45:00+00:00,0.002999999999999999,0.0
2017-10-17T06:50:00+00:00,0.002999999999999999,0.0
2017-10-17T06:55:00+00:00,0.010000000000000002,0.0
2017-10-17T07:00:00+00:00,0.008999999999999998,0.0
2017-10-17T07:05:00+00:00,0.009000000000000001,0.0
2017-10-17T07:10:00+00:00,0.012999999999999998,0.0
2017-10-17T07:15:00+00:00,0.012999999999999998,0.0
2017-10-17T07:20:00+00:00,0.013000000000000012,0.0
2017-10-17T07:25:00+00:00,0.01899999999999999,0.0
2017-10-17T07:30:00+00:00,0.018000000000000002,0.0
2017-10-17T07:35:00+00:00,0.018000000000000016,0.0
2017-10-17T07:40:00+00:00,0.024999999999999994,0.0
2017-10-17T07:45:00+00:00,0.024999999999999994,0.0
2017-10-17T07:50:00+00:00,0.023999999999999994,0.0
2017-10-17T07:55:00+00:00,0.031,0.0
2017-10-17T08:00:00+00:00,0.031000000000000028,0.0
2017-10-17T08:05:00+00:00,0.02799999999999997,0.0
2017-10-17T08:10:00+00:00,0.03500000000000003,0.0
2017-10-17T08:15:00+00:00,0.034999999999999976,0.0
2017-10-17T08:20:00+00:00,0.033999999999999975,0.0
2017-10-17T08:25:00+00:00,0.04800000000000004,0.0
2017-10-17T08:30:00+00:00,0.04799999999999999,0.0
2017-10-17T08:35:00+00:00,0.04300000000000004,0.0
2017-10-17T08:40:00+00:00,0.06899999999999995,0.0
2017-10-17T08:45:00+00:00,0.06900000000000006,0.0
2017-10-17T08:50:00+00:00,0.06899999999999995,0.0
2017-10-17T08:55:00+00:00,0.06999999999999995,0.0
2017-10-17T09:00:00+00:00,0.06900000000000006,0.0
2017-10-17T09:05:00+00:00,0.06699999999999995,0.0
2017-10-17T09:10:00+00:00,0.09099999999999997,0.0
2017-10-17T09:15:00+00:00,0.09099999999999997,0.0
2017-10-17T09:20:00+00:00,0.08700000000000019,0.0
2017-10-17T09:25:00+00:00,0.09799999999999986,0.0
2017-10-17T09:30:00+00:00,0.09699999999999998,0.0
2017-10-17T09:35:00+00:00,0.09400000000000008,0.0
2017-10-17T09:40:00+00:00,0.10699999999999998,0.0
2017-10-17T09:45:00+00:00,0.1080000000000001,0.0
2017-10-17T09:50:00+00:00,0.10299999999999998,0.0
2017-10-17T09:55:00+00:00,0.11099999999999999,0.0
2017-10-17T10:00:00+00:00,0.11099999999999977,0.0
2017-10-17T10:05:00+00:00,0.10600000000000032,0.0
2017-10-17T10:10:00+00:00,0.10599999999999987,0.0
2017-10-17T10:15:00+00:00,0.10599999999999987,0.0
2017-10-17T10:20:00+00:00,0.1030000000000002,0.0
2017-10-17T10:25:00+00:00,0.15799999999999992,0.0
2017-10-17T10:30:00+00:00,0.1589999999999998,0.0
2017-10-17T10:35:00+00:00,0.14500000000000002,0.0
2017-10-17T10:40:00+00:00,0.18200000000000038,0.0
2017-10-17T10:45:00+00:00,0.1849999999999996,0.0
2017-10-17T10:50:00+00:00,0.18400000000000016,0.0
2017-10-17T10:55:00+00:00,0.18400000000000016,0.0
2017-10-17T11:00:00+00:00,0.18500000000000005,0.0
2017-10-17T11:05:00+00:00,0.1759999999999997,0.0
2017-10-17T11:10:00+00:00,0.18799999999999972,0.0
2017-10-17T11:15:00+00:00,0.18900000000000006,0.0
2017-10-17T11:20:00+00:00,0.1800000000000006,0.0
2017-10-17T11:25:00+00:00,0.19700000000000006,0.0
2017-10-17T11:30:00+00:00,0.19700000000000006,0.0
2017-10-17T11:35:00+00:00,0.1869999999999994,0.0
2017-10-17T11:40:00+00:00,0.2030000000000003,0.0
2017-10-17T11:45:00+00:00,0.2030000000000003,0.0
2017-10-17T11:50:00+00:00,0.19399999999999995,0.0
2017-10-17T11:55:00+00:00,0.1999999999999993,0.0
2017-10-17T12:00:00+00:00,0.20000000000000018,0.0
2017-10-17T12:05:00+00:00,0.19200000000000017,0.0
2017-10-17T12:10:00+00:00,0.20800000000000018,0.0
2017-10-17T12:15:00+00:00,0.20800000000000018,0.0
